band_type,pellet_type,trial_num,mass_gn,calc_mass_g,velocity_mps,draw_length_m,slack_length_m,draw_weight_kg,calc_draw_force_N,note
band_A,12 mm steel,1,108.2,7.011,26.5,0.800,0.268,1.08,10.591182,
band_A,12 mm steel,2,108.2,7.011,26.6,0.800,0.268,1.08,10.591182,
band_A,12 mm steel,3,108.2,7.011,26.4,0.800,0.268,1.08,10.591182,
band_A,12 mm steel,4,108.2,7.011,26.3,0.800,0.268,1.08,10.591182,
band_A,12 mm steel,5,108.2,7.011,26.3,0.800,0.268,1.08,10.591182,
band_A,12 mm steel,6,108.2,7.011,26.2,0.800,0.268,1.08,10.591182,
band_A,12 mm steel,7,108.2,7.011,26.3,0.800,0.268,1.08,10.591182,
band_A,12 mm steel,8,108.2,7.011,26.3,0.800,0.268,1.08,10.591182,
band_A,12 mm steel,9,108.2,7.011,26.2,0.800,0.268,1.08,10.591182,
band_A,12 mm steel,10,108.2,7.011,26.2,0.800,0.268,1.08,10.591182,
band_A,12 mm steel,11,108.2,7.011,26.3,0.800,0.268,1.08,10.591182,
band_A,12 mm steel,12,108.2,7.011,26.3,0.800,0.268,1.08,10.591182,
band_A,12 mm steel,13,108.2,7.011,26.3,0.800,0.268,1.08,10.591182,
band_A,12 mm steel,14,108.2,7.011,26.3,0.800,0.268,1.08,10.591182,
band_A,12 mm steel,15,108.2,7.011,26.2,0.800,0.268,1.08,10.591182,
band_A,12 mm steel,16,108.2,7.011,26.2,0.800,0.268,1.08,10.591182,
band_A,12 mm steel,17,108.2,7.011,26.4,0.800,0.268,1.08,10.591182,
band_A,12 mm steel,18,108.2,7.011,26.4,0.800,0.268,1.08,10.591182,
band_A,12 mm steel,19,108.2,7.011,26.2,0.800,0.268,1.08,10.591182,
band_A,12 mm steel,20,108.2,7.011,26.2,0.800,0.268,1.08,10.591182,
band_A,11 mm steel,1,83.6,5.417,29.4,0.800,0.268,1.08,10.591182,
band_A,11 mm steel,2,83.6,5.417,29.4,0.800,0.268,1.08,10.591182,
band_A,11 mm steel,3,83.8,5.430,29.5,0.800,0.268,1.08,10.591182,
band_A,11 mm steel,4,83.8,5.430,29.4,0.800,0.268,1.08,10.591182,
band_A,11 mm steel,5,83.6,5.417,29.3,0.800,0.268,1.08,10.591182,
band_A,11 mm steel,6,83.8,5.430,29.3,0.800,0.268,1.08,10.591182,
band_A,11 mm steel,7,83.6,5.417,29.3,0.800,0.268,1.08,10.591182,
band_A,11 mm steel,8,83.8,5.430,29.3,0.800,0.268,1.08,10.591182,
band_A,11 mm steel,9,83.6,5.417,29.3,0.800,0.268,1.08,10.591182,
band_A,11 mm steel,10,83.6,5.417,29.3,0.800,0.268,1.08,10.591182,
band_A,11 mm steel,11,83.6,5.417,29.5,0.800,0.268,1.08,10.591182,
band_A,11 mm steel,12,83.6,5.417,29.5,0.800,0.268,1.08,10.591182,
band_A,11 mm steel,13,83.6,5.417,29.4,0.800,0.268,1.08,10.591182,
band_A,11 mm steel,14,83.6,5.417,29.3,0.800,0.268,1.08,10.591182,
band_A,11 mm steel,15,83.8,5.430,29.3,0.800,0.268,1.08,10.591182,
band_A,11 mm steel,16,83.6,5.417,29.3,0.800,0.268,1.08,10.591182,
band_A,11 mm steel,17,83.8,5.430,29.3,0.800,0.268,1.08,10.591182,
band_A,11 mm steel,18,83.8,5.430,29.2,0.800,0.268,1.08,10.591182,
band_A,11 mm steel,19,83.6,5.417,29.3,0.800,0.268,1.08,10.591182,
band_A,11 mm steel,20,83.8,5.430,29.3,0.800,0.268,1.08,10.591182,
band_A,10 mm steel,1,63.0,4.082,33.0,0.800,0.268,1.08,10.591182,
band_A,10 mm steel,2,63.1,4.089,32.9,0.800,0.268,1.08,10.591182,
band_A,10 mm steel,3,63.1,4.089,32.8,0.800,0.268,1.08,10.591182,
band_A,10 mm steel,4,63.0,4.082,32.9,0.800,0.268,1.08,10.591182,
band_A,10 mm steel,5,63.0,4.082,32.9,0.800,0.268,1.08,10.591182,
band_A,10 mm steel,6,63.0,4.082,32.9,0.800,0.268,1.08,10.591182,
band_A,10 mm steel,7,63.1,4.089,32.9,0.800,0.268,1.08,10.591182,
band_A,10 mm steel,8,63.1,4.089,32.9,0.800,0.268,1.08,10.591182,
band_A,10 mm steel,9,63.1,4.089,32.8,0.800,0.268,1.08,10.591182,
band_A,10 mm steel,10,63.1,4.089,32.8,0.800,0.268,1.08,10.591182,
band_A,10 mm steel,11,63.0,4.082,32.8,0.800,0.268,1.08,10.591182,
band_A,10 mm steel,12,63.0,4.082,32.9,0.800,0.268,1.08,10.591182,
band_A,10 mm steel,13,63.1,4.089,32.8,0.800,0.268,1.08,10.591182,
band_A,10 mm steel,14,63.1,4.089,32.8,0.800,0.268,1.08,10.591182,
band_A,10 mm steel,15,63.1,4.089,32.8,0.800,0.268,1.08,10.591182,
band_A,10 mm steel,16,63.1,4.089,32.8,0.800,0.268,1.08,10.591182,
band_A,10 mm steel,17,63.1,4.089,32.8,0.800,0.268,1.08,10.591182,
band_A,10 mm steel,18,63.1,4.089,32.8,0.800,0.268,1.08,10.591182,
band_A,10 mm steel,19,63.0,4.082,32.8,0.800,0.268,1.08,10.591182,
band_A,10 mm steel,20,63.1,4.089,32.8,0.800,0.268,1.08,10.591182,
band_A,"3/8"" steel",1,54.6,3.538,34.6,0.800,0.268,1.08,10.591182,
band_A,"3/8"" steel",2,54.5,3.532,34.5,0.800,0.268,1.08,10.591182,
band_A,"3/8"" steel",3,54.6,3.538,34.6,0.800,0.268,1.08,10.591182,
band_A,"3/8"" steel",4,54.6,3.538,34.5,0.800,0.268,1.08,10.591182,
band_A,"3/8"" steel",5,54.8,3.551,34.6,0.800,0.268,1.08,10.591182,
band_A,"3/8"" steel",6,54.3,3.519,34.7,0.800,0.268,1.08,10.591182,
band_A,"3/8"" steel",7,54.5,3.532,34.5,0.800,0.268,1.08,10.591182,
band_A,"3/8"" steel",8,55.1,3.570,34.4,0.800,0.268,1.08,10.591182,
band_A,"3/8"" steel",9,54.9,3.557,34.5,0.800,0.268,1.08,10.591182,
band_A,"3/8"" steel",10,54.9,3.557,34.7,0.800,0.268,1.08,10.591182,
band_A,"3/8"" steel",11,54.5,3.532,34.7,0.800,0.268,1.08,10.591182,
band_A,"3/8"" steel",12,54.9,3.557,34.5,0.800,0.268,1.08,10.591182,
band_A,"3/8"" steel",13,54.6,3.538,34.6,0.800,0.268,1.08,10.591182,
band_A,"3/8"" steel",14,54.8,3.551,34.5,0.800,0.268,1.08,10.591182,
band_A,"3/8"" steel",15,55.1,3.570,34.5,0.800,0.268,1.08,10.591182,
band_A,"3/8"" steel",16,55.1,3.570,34.4,0.800,0.268,1.08,10.591182,
band_A,"3/8"" steel",17,55.1,3.570,34.6,0.800,0.268,1.08,10.591182,
band_A,"3/8"" steel",18,54.5,3.532,34.7,0.800,0.268,1.08,10.591182,
band_A,"3/8"" steel",19,54.5,3.532,34.6,0.800,0.268,1.08,10.591182,
band_A,"3/8"" steel",20,54.8,3.551,34.5,0.800,0.268,1.08,10.591182,
band_A,9 mm steel,1,46.5,3.013,36.9,0.800,0.268,1.08,10.591182,
band_A,9 mm steel,2,46.3,3.000,36.8,0.800,0.268,1.08,10.591182,
band_A,9 mm steel,3,46.1,2.987,36.8,0.800,0.268,1.08,10.591182,
band_A,9 mm steel,4,46.1,2.987,36.9,0.800,0.268,1.08,10.591182,
band_A,9 mm steel,5,46.1,2.987,36.8,0.800,0.268,1.08,10.591182,
band_A,9 mm steel,6,46.1,2.987,36.8,0.800,0.268,1.08,10.591182,
band_A,9 mm steel,7,46.1,2.987,36.7,0.800,0.268,1.08,10.591182,
band_A,9 mm steel,8,46.1,2.987,36.8,0.800,0.268,1.08,10.591182,
band_A,9 mm steel,9,46.1,2.987,36.8,0.800,0.268,1.08,10.591182,
band_A,9 mm steel,10,46.1,2.987,36.7,0.800,0.268,1.08,10.591182,
band_A,9 mm steel,11,46.3,3.000,36.9,0.800,0.268,1.08,10.591182,
band_A,9 mm steel,12,46.1,2.987,36.8,0.800,0.268,1.08,10.591182,
band_A,9 mm steel,13,46.1,2.987,36.8,0.800,0.268,1.08,10.591182,
band_A,9 mm steel,14,46.1,2.987,36.9,0.800,0.268,1.08,10.591182,
band_A,9 mm steel,15,46.1,2.987,36.7,0.800,0.268,1.08,10.591182,
band_A,9 mm steel,16,46.1,2.987,36.9,0.800,0.268,1.08,10.591182,
band_A,9 mm steel,17,46.1,2.987,36.8,0.800,0.268,1.08,10.591182,
band_A,9 mm steel,18,46.1,2.987,36.7,0.800,0.268,1.08,10.591182,
band_A,9 mm steel,19,46.1,2.987,36.7,0.800,0.268,1.08,10.591182,
band_A,9 mm steel,20,46.1,2.987,36.8,0.800,0.268,1.08,10.591182,
band_A,8 mm steel,1,32.4,2.099,41.0,0.800,0.268,1.08,10.591182,
band_A,8 mm steel,2,32.3,2.093,40.9,0.800,0.268,1.08,10.591182,
band_A,8 mm steel,3,32.3,2.093,40.9,0.800,0.268,1.08,10.591182,
band_A,8 mm steel,4,32.3,2.093,40.9,0.800,0.268,1.08,10.591182,
band_A,8 mm steel,5,32.3,2.093,40.9,0.800,0.268,1.08,10.591182,
band_A,8 mm steel,6,32.4,2.099,40.8,0.800,0.268,1.08,10.591182,
band_A,8 mm steel,7,32.1,2.080,40.8,0.800,0.268,1.08,10.591182,
band_A,8 mm steel,8,32.4,2.099,40.8,0.800,0.268,1.08,10.591182,
band_A,8 mm steel,9,32.3,2.093,40.8,0.800,0.268,1.08,10.591182,
band_A,8 mm steel,10,32.3,2.093,40.8,0.800,0.268,1.08,10.591182,
band_A,8 mm steel,11,32.3,2.093,40.8,0.800,0.268,1.08,10.591182,
band_A,8 mm steel,12,32.3,2.093,40.8,0.800,0.268,1.08,10.591182,
band_A,8 mm steel,13,32.3,2.093,40.9,0.800,0.268,1.08,10.591182,
band_A,8 mm steel,14,32.3,2.093,40.7,0.800,0.268,1.08,10.591182,
band_A,8 mm steel,15,32.3,2.093,40.7,0.800,0.268,1.08,10.591182,
band_A,8 mm steel,16,32.3,2.093,40.7,0.800,0.268,1.08,10.591182,
band_A,8 mm steel,17,32.3,2.093,40.8,0.800,0.268,1.08,10.591182,
band_A,8 mm steel,18,32.3,2.093,40.7,0.800,0.268,1.08,10.591182,
band_A,8 mm steel,19,32.3,2.093,40.8,0.800,0.268,1.08,10.591182,
band_A,8 mm steel,20,32.3,2.093,40.8,0.800,0.268,1.08,10.591182,
band_A,7 mm steel,1,21.8,1.413,44.5,0.800,0.268,1.08,10.591182,
band_A,7 mm steel,2,21.6,1.400,44.4,0.800,0.268,1.08,10.591182,
band_A,7 mm steel,3,21.9,1.419,44.5,0.800,0.268,1.08,10.591182,
band_A,7 mm steel,4,22.2,1.439,44.0,0.800,0.268,1.08,10.591182,
band_A,7 mm steel,5,22.2,1.439,44.4,0.800,0.268,1.08,10.591182,
band_A,7 mm steel,6,22.1,1.432,44.3,0.800,0.268,1.08,10.591182,
band_A,7 mm steel,7,21.6,1.400,44.3,0.800,0.268,1.08,10.591182,
band_A,7 mm steel,8,21.6,1.400,44.2,0.800,0.268,1.08,10.591182,
band_A,7 mm steel,9,21.5,1.393,44.0,0.800,0.268,1.08,10.591182,
band_A,7 mm steel,10,21.6,1.400,44.2,0.800,0.268,1.08,10.591182,
band_A,7 mm steel,11,21.5,1.393,44.1,0.800,0.268,1.08,10.591182,
band_A,7 mm steel,12,21.6,1.400,44.3,0.800,0.268,1.08,10.591182,
band_A,7 mm steel,13,21.6,1.400,44.3,0.800,0.268,1.08,10.591182,
band_A,7 mm steel,14,21.5,1.393,44.2,0.800,0.268,1.08,10.591182,
band_A,7 mm steel,15,21.6,1.400,44.2,0.800,0.268,1.08,10.591182,
band_A,7 mm steel,16,21.6,1.400,44.3,0.800,0.268,1.08,10.591182,
band_A,7 mm steel,17,21.5,1.393,44.3,0.800,0.268,1.08,10.591182,
band_A,7 mm steel,18,21.6,1.400,44.3,0.800,0.268,1.08,10.591182,
band_A,7 mm steel,19,21.6,1.400,44.2,0.800,0.268,1.08,10.591182,
band_A,7 mm steel,20,21.6,1.400,44.2,0.800,0.268,1.08,10.591182,
band_A,6 mm steel,1,13.6,0.881,46.9,0.800,0.268,1.08,10.591182,
band_A,6 mm steel,2,14.3,0.927,46.8,0.800,0.268,1.08,10.591182,
band_A,6 mm steel,3,13.7,0.888,46.8,0.800,0.268,1.08,10.591182,
band_A,6 mm steel,4,13.7,0.888,46.8,0.800,0.268,1.08,10.591182,
band_A,6 mm steel,5,13.7,0.888,46.8,0.800,0.268,1.08,10.591182,
band_A,6 mm steel,6,13.7,0.888,46.9,0.800,0.268,1.08,10.591182,
band_A,6 mm steel,7,13.6,0.881,46.7,0.800,0.268,1.08,10.591182,
band_A,6 mm steel,8,13.6,0.881,46.8,0.800,0.268,1.08,10.591182,
band_A,6 mm steel,9,13.6,0.881,46.8,0.800,0.268,1.08,10.591182,
band_A,6 mm steel,10,13.6,0.881,46.7,0.800,0.268,1.08,10.591182,
band_A,6 mm steel,11,13.6,0.881,46.7,0.800,0.268,1.08,10.591182,
band_A,6 mm steel,12,13.6,0.881,47.1,0.800,0.268,1.08,10.591182,
band_A,6 mm steel,13,13.6,0.881,46.9,0.800,0.268,1.08,10.591182,
band_A,6 mm steel,14,13.6,0.881,46.8,0.800,0.268,1.08,10.591182,
band_A,6 mm steel,15,13.6,0.881,46.7,0.800,0.268,1.08,10.591182,
band_A,6 mm steel,16,13.6,0.881,46.8,0.800,0.268,1.08,10.591182,
band_A,6 mm steel,17,13.6,0.881,47.0,0.800,0.268,1.08,10.591182,
band_A,6 mm steel,18,13.7,0.888,46.9,0.800,0.268,1.08,10.591182,
band_A,6 mm steel,19,13.6,0.881,47.0,0.800,0.268,1.08,10.591182,
band_A,6 mm steel,20,13.6,0.881,46.9,0.800,0.268,1.08,10.591182,
band_A,5.5 mm steel,1,10.3,0.667,47.9,0.800,0.268,1.08,10.591182,
band_A,5.5 mm steel,2,10.3,0.667,47.9,0.800,0.268,1.08,10.591182,
band_A,5.5 mm steel,3,10.3,0.667,47.7,0.800,0.268,1.08,10.591182,
band_A,5.5 mm steel,4,10.3,0.667,47.7,0.800,0.268,1.08,10.591182,
band_A,5.5 mm steel,5,10.5,0.680,47.7,0.800,0.268,1.08,10.591182,
band_A,5.5 mm steel,6,10.3,0.667,47.7,0.800,0.268,1.08,10.591182,
band_A,5.5 mm steel,7,10.5,0.680,47.7,0.800,0.268,1.08,10.591182,
band_A,5.5 mm steel,8,10.5,0.680,47.6,0.800,0.268,1.08,10.591182,
band_A,5.5 mm steel,9,10.5,0.680,47.6,0.800,0.268,1.08,10.591182,
band_A,5.5 mm steel,10,10.5,0.680,47.7,0.800,0.268,1.08,10.591182,
band_A,5.5 mm steel,11,10.3,0.667,47.7,0.800,0.268,1.08,10.591182,
band_A,5.5 mm steel,12,10.3,0.667,47.7,0.800,0.268,1.08,10.591182,
band_A,5.5 mm steel,13,10.3,0.667,47.7,0.800,0.268,1.08,10.591182,
band_A,5.5 mm steel,14,10.2,0.661,47.7,0.800,0.268,1.08,10.591182,
band_A,5.5 mm steel,15,10.3,0.667,47.7,0.800,0.268,1.08,10.591182,
band_A,5.5 mm steel,16,10.3,0.667,47.7,0.800,0.268,1.08,10.591182,
band_A,5.5 mm steel,17,10.3,0.667,47.7,0.800,0.268,1.08,10.591182,
band_A,5.5 mm steel,18,10.5,0.680,47.7,0.800,0.268,1.08,10.591182,
band_A,5.5 mm steel,19,10.3,0.667,47.7,0.800,0.268,1.08,10.591182,
band_A,5.5 mm steel,20,10.5,0.680,47.6,0.800,0.268,1.08,10.591182,
band_A,5 mm steel,1,7.9,0.512,48.5,0.800,0.268,1.08,10.591182,
band_A,5 mm steel,2,7.9,0.512,48.4,0.800,0.268,1.08,10.591182,
band_A,5 mm steel,3,7.9,0.512,48.5,0.800,0.268,1.08,10.591182,
band_A,5 mm steel,4,7.9,0.512,48.3,0.800,0.268,1.08,10.591182,
band_A,5 mm steel,5,8.0,0.518,48.3,0.800,0.268,1.08,10.591182,
band_A,5 mm steel,6,7.9,0.512,48.4,0.800,0.268,1.08,10.591182,
band_A,5 mm steel,7,8.0,0.518,48.5,0.800,0.268,1.08,10.591182,
band_A,5 mm steel,8,7.9,0.512,48.4,0.800,0.268,1.08,10.591182,
band_A,5 mm steel,9,7.9,0.512,48.4,0.800,0.268,1.08,10.591182,
band_A,5 mm steel,10,7.9,0.512,48.4,0.800,0.268,1.08,10.591182,
band_A,5 mm steel,11,7.9,0.512,48.3,0.800,0.268,1.08,10.591182,
band_A,5 mm steel,12,8.0,0.518,48.4,0.800,0.268,1.08,10.591182,
band_A,5 mm steel,13,7.9,0.512,48.5,0.800,0.268,1.08,10.591182,
band_A,5 mm steel,14,8.0,0.518,48.3,0.800,0.268,1.08,10.591182,
band_A,5 mm steel,15,8.0,0.518,48.4,0.800,0.268,1.08,10.591182,
band_A,5 mm steel,16,7.9,0.512,48.3,0.800,0.268,1.08,10.591182,
band_A,5 mm steel,17,7.9,0.512,48.4,0.800,0.268,1.08,10.591182,
band_A,5 mm steel,18,7.9,0.512,48.4,0.800,0.268,1.08,10.591182,
band_A,5 mm steel,19,7.9,0.512,48.4,0.800,0.268,1.08,10.591182,
band_A,5 mm steel,20,7.9,0.512,48.4,0.800,0.268,1.08,10.591182,
band_A,clay,1,18.4,1.192,45.5,0.800,0.268,1.08,10.591182,
band_A,clay,2,17.6,1.140,45.8,0.800,0.268,1.08,10.591182,
band_A,clay,3,17.0,1.102,45.9,0.800,0.268,1.08,10.591182,
band_A,clay,4,17.0,1.102,45.9,0.800,0.268,1.08,10.591182,
band_A,clay,5,17.1,1.108,45.9,0.800,0.268,1.08,10.591182,
band_A,clay,6,17.7,1.147,45.6,0.800,0.268,1.08,10.591182,
band_A,clay,7,17.6,1.140,45.6,0.800,0.268,1.08,10.591182,
band_A,clay,8,17.1,1.108,45.8,0.800,0.268,1.08,10.591182,
band_A,clay,9,15.7,1.017,46.2,0.800,0.268,1.08,10.591182,
band_A,clay,10,15.4,0.998,46.3,0.800,0.268,1.08,10.591182,
band_A,clay,11,17.6,1.140,45.5,0.800,0.268,1.08,10.591182,
band_A,clay,12,15.7,1.017,46.3,0.800,0.268,1.08,10.591182,
band_A,clay,13,16.0,1.037,46.0,0.800,0.268,1.08,10.591182,
band_A,clay,14,15.7,1.017,46.3,0.800,0.268,1.08,10.591182,
band_A,clay,15,15.3,0.991,46.3,0.800,0.268,1.08,10.591182,
band_A,clay,16,17.0,1.102,45.8,0.800,0.268,1.08,10.591182,
band_A,clay,17,17.3,1.121,45.7,0.800,0.268,1.08,10.591182,
band_A,clay,18,17.0,1.102,45.8,0.800,0.268,1.08,10.591182,
band_A,clay,19,16.4,1.063,46.0,0.800,0.268,1.08,10.591182,
band_A,clay,20,17.4,1.128,45.6,0.800,0.268,1.08,10.591182,
band_A,rubber,1,9.4,0.609,48.2,0.800,0.268,1.08,10.591182,
band_A,rubber,2,9.4,0.609,48.0,0.800,0.268,1.08,10.591182,
band_A,rubber,3,9.6,0.622,48.2,0.800,0.268,1.08,10.591182,
band_A,rubber,4,9.6,0.622,48.3,0.800,0.268,1.08,10.591182,
band_A,rubber,5,9.4,0.609,48.1,0.800,0.268,1.08,10.591182,
band_A,rubber,6,9.4,0.609,48.0,0.800,0.268,1.08,10.591182,
band_A,rubber,7,9.3,0.603,48.0,0.800,0.268,1.08,10.591182,
band_A,rubber,8,9.4,0.609,48.1,0.800,0.268,1.08,10.591182,
band_A,rubber,9,9.4,0.609,48.0,0.800,0.268,1.08,10.591182,
band_A,rubber,10,9.4,0.609,48.0,0.800,0.268,1.08,10.591182,
band_A,rubber,11,9.4,0.609,48.1,0.800,0.268,1.08,10.591182,
band_A,rubber,12,9.4,0.609,48.0,0.800,0.268,1.08,10.591182,
band_A,rubber,13,9.4,0.609,47.8,0.800,0.268,1.08,10.591182,
band_A,rubber,14,9.4,0.609,48.0,0.800,0.268,1.08,10.591182,
band_A,rubber,15,9.4,0.609,48.0,0.800,0.268,1.08,10.591182,
band_A,rubber,16,9.6,0.622,48.0,0.800,0.268,1.08,10.591182,
band_A,rubber,17,9.6,0.622,48.0,0.800,0.268,1.08,10.591182,
band_A,rubber,18,9.4,0.609,48.0,0.800,0.268,1.08,10.591182,
band_A,rubber,19,9.1,0.590,48.1,0.800,0.268,1.08,10.591182,
band_A,rubber,20,9.3,0.603,48.0,0.800,0.268,1.08,10.591182,
band_A,"1/2"" steel",1,129.2,8.372,24.0,0.800,0.268,1.08,10.591182,
band_A,"1/2"" steel",2,129.2,8.372,24.2,0.800,0.268,1.08,10.591182,
band_A,"1/2"" steel",3,129.0,8.359,24.1,0.800,0.268,1.08,10.591182,
band_A,"1/2"" steel",4,129.0,8.359,24.2,0.800,0.268,1.08,10.591182,
band_A,"1/2"" steel",5,129.2,8.372,24.2,0.800,0.268,1.08,10.591182,
band_A,"1/2"" steel",6,129.2,8.372,24.6,0.800,0.268,1.08,10.591182,
band_A,"1/2"" steel",7,129.2,8.372,24.2,0.800,0.268,1.08,10.591182,
band_A,"1/2"" steel",8,129.2,8.372,24.2,0.800,0.268,1.08,10.591182,
band_A,"1/2"" steel",9,129.2,8.372,24.1,0.800,0.268,1.08,10.591182,
band_A,"1/2"" steel",10,129.0,8.359,24.1,0.800,0.268,1.08,10.591182,
band_A,"1/2"" steel",11,129.2,8.372,24.2,0.800,0.268,1.08,10.591182,
band_A,"1/2"" steel",12,129.0,8.359,24.1,0.800,0.268,1.08,10.591182,
band_A,"1/2"" steel",13,129.2,8.372,24.1,0.800,0.268,1.08,10.591182,
band_A,"1/2"" steel",14,129.0,8.359,24.1,0.800,0.268,1.08,10.591182,
band_A,"1/2"" steel",15,129.2,8.372,24.1,0.800,0.268,1.08,10.591182,
band_A,"1/2"" steel",16,129.2,8.372,24.1,0.800,0.268,1.08,10.591182,
band_A,"1/2"" steel",17,129.0,8.359,24.0,0.800,0.268,1.08,10.591182,
band_A,"1/2"" steel",18,129.2,8.372,24.0,0.800,0.268,1.08,10.591182,
band_A,"1/2"" steel",19,129.3,8.378,24.0,0.800,0.268,1.08,10.591182,
band_A,"1/2"" steel",20,129.2,8.372,24.0,0.800,0.268,1.08,10.591182,
band_B,"1/2"" steel",1,129.0,8.359,34.4,0.800,0.267,2.10,20.593965,
band_B,"1/2"" steel",2,129.0,8.359,34.0,0.800,0.267,2.10,20.593965,
band_B,"1/2"" steel",3,129.2,8.372,34.0,0.800,0.267,2.10,20.593965,
band_B,"1/2"" steel",4,129.0,8.359,34.0,0.800,0.267,2.10,20.593965,
band_B,"1/2"" steel",5,129.3,8.378,34.0,0.800,0.267,2.10,20.593965,
band_B,"1/2"" steel",6,129.0,8.359,33.9,0.800,0.267,2.10,20.593965,
band_B,"1/2"" steel",7,129.0,8.359,34.1,0.800,0.267,2.10,20.593965,
band_B,"1/2"" steel",8,129.2,8.372,34.0,0.800,0.267,2.10,20.593965,
band_B,"1/2"" steel",9,129.0,8.359,34.0,0.800,0.267,2.10,20.593965,
band_B,"1/2"" steel",10,129.0,8.359,34.0,0.800,0.267,2.10,20.593965,
band_B,"1/2"" steel",11,129.2,8.372,34.0,0.800,0.267,2.10,20.593965,
band_B,"1/2"" steel",12,129.0,8.359,34.0,0.800,0.267,2.10,20.593965,
band_B,"1/2"" steel",13,129.2,8.372,33.9,0.800,0.267,2.10,20.593965,
band_B,"1/2"" steel",14,129.0,8.359,34.0,0.800,0.267,2.10,20.593965,
band_B,"1/2"" steel",15,129.2,8.372,34.0,0.800,0.267,2.10,20.593965,
band_B,"1/2"" steel",16,129.2,8.372,33.9,0.800,0.267,2.10,20.593965,
band_B,"1/2"" steel",17,129.0,8.359,33.9,0.800,0.267,2.10,20.593965,
band_B,"1/2"" steel",18,129.2,8.372,33.9,0.800,0.267,2.10,20.593965,
band_B,"1/2"" steel",19,129.2,8.372,33.8,0.800,0.267,2.10,20.593965,
band_B,"1/2"" steel",20,129.2,8.372,33.8,0.800,0.267,2.10,20.593965,
band_B,12 mm steel,1,108.2,7.011,36.2,0.800,0.267,2.10,20.593965,
band_B,12 mm steel,2,108.2,7.011,36.5,0.800,0.267,2.10,20.593965,
band_B,12 mm steel,3,108.2,7.011,36.6,0.800,0.267,2.10,20.593965,
band_B,12 mm steel,4,108.2,7.011,36.5,0.800,0.267,2.10,20.593965,
band_B,12 mm steel,5,108.2,7.011,36.6,0.800,0.267,2.10,20.593965,
band_B,12 mm steel,6,108.2,7.011,36.6,0.800,0.267,2.10,20.593965,
band_B,12 mm steel,7,108.2,7.011,36.5,0.800,0.267,2.10,20.593965,
band_B,12 mm steel,8,108.2,7.011,36.4,0.800,0.267,2.10,20.593965,
band_B,12 mm steel,9,108.2,7.011,36.6,0.800,0.267,2.10,20.593965,
band_B,12 mm steel,10,108.2,7.011,36.5,0.800,0.267,2.10,20.593965,
band_B,12 mm steel,11,108.2,7.011,36.5,0.800,0.267,2.10,20.593965,
band_B,12 mm steel,12,108.2,7.011,36.5,0.800,0.267,2.10,20.593965,
band_B,12 mm steel,13,108.2,7.011,36.2,0.800,0.267,2.10,20.593965,
band_B,12 mm steel,14,108.2,7.011,36.3,0.800,0.267,2.10,20.593965,
band_B,12 mm steel,15,108.2,7.011,36.4,0.800,0.267,2.10,20.593965,
band_B,12 mm steel,16,108.2,7.011,36.5,0.800,0.267,2.10,20.593965,
band_B,12 mm steel,17,108.2,7.011,36.5,0.800,0.267,2.10,20.593965,
band_B,12 mm steel,18,108.2,7.011,36.5,0.800,0.267,2.10,20.593965,
band_B,12 mm steel,19,108.2,7.011,36.4,0.800,0.267,2.10,20.593965,
band_B,12 mm steel,20,108.2,7.011,36.5,0.800,0.267,2.10,20.593965,
band_B,11 mm steel,1,83.6,5.417,40.2,0.800,0.267,2.10,20.593965,
band_B,11 mm steel,2,83.8,5.430,40.2,0.800,0.267,2.10,20.593965,
band_B,11 mm steel,3,83.6,5.417,40.2,0.800,0.267,2.10,20.593965,
band_B,11 mm steel,4,83.6,5.417,40.2,0.800,0.267,2.10,20.593965,
band_B,11 mm steel,5,83.6,5.417,40.2,0.800,0.267,2.10,20.593965,
band_B,11 mm steel,6,83.8,5.430,40.2,0.800,0.267,2.10,20.593965,
band_B,11 mm steel,7,83.6,5.417,40.3,0.800,0.267,2.10,20.593965,
band_B,11 mm steel,8,83.6,5.417,40.3,0.800,0.267,2.10,20.593965,
band_B,11 mm steel,9,83.6,5.417,40.1,0.800,0.267,2.10,20.593965,
band_B,11 mm steel,10,83.8,5.430,40.2,0.800,0.267,2.10,20.593965,
band_B,11 mm steel,11,83.6,5.417,40.3,0.800,0.267,2.10,20.593965,
band_B,11 mm steel,12,83.5,5.411,40.2,0.800,0.267,2.10,20.593965,
band_B,11 mm steel,13,83.6,5.417,40.2,0.800,0.267,2.10,20.593965,
band_B,11 mm steel,14,83.8,5.430,40.2,0.800,0.267,2.10,20.593965,
band_B,11 mm steel,15,83.6,5.417,40.2,0.800,0.267,2.10,20.593965,
band_B,11 mm steel,16,83.8,5.430,40.2,0.800,0.267,2.10,20.593965,
band_B,11 mm steel,17,83.6,5.417,40.1,0.800,0.267,2.10,20.593965,
band_B,11 mm steel,18,83.6,5.417,40.2,0.800,0.267,2.10,20.593965,
band_B,11 mm steel,19,83.6,5.417,40.2,0.800,0.267,2.10,20.593965,
band_B,11 mm steel,20,83.6,5.417,40.2,0.800,0.267,2.10,20.593965,
band_B,10 mm steel,1,62.8,4.069,43.9,0.800,0.267,2.10,20.593965,
band_B,10 mm steel,2,63.0,4.082,43.8,0.800,0.267,2.10,20.593965,
band_B,10 mm steel,3,63.0,4.082,43.8,0.800,0.267,2.10,20.593965,
band_B,10 mm steel,4,63.0,4.082,43.9,0.800,0.267,2.10,20.593965,
band_B,10 mm steel,5,63.0,4.082,43.8,0.800,0.267,2.10,20.593965,
band_B,10 mm steel,6,63.0,4.082,43.9,0.800,0.267,2.10,20.593965,
band_B,10 mm steel,7,63.1,4.089,43.9,0.800,0.267,2.10,20.593965,
band_B,10 mm steel,8,63.1,4.089,43.8,0.800,0.267,2.10,20.593965,
band_B,10 mm steel,9,63.0,4.082,43.8,0.800,0.267,2.10,20.593965,
band_B,10 mm steel,10,62.8,4.069,43.8,0.800,0.267,2.10,20.593965,
band_B,10 mm steel,11,63.0,4.082,43.9,0.800,0.267,2.10,20.593965,
band_B,10 mm steel,12,63.0,4.082,43.8,0.800,0.267,2.10,20.593965,
band_B,10 mm steel,13,63.0,4.082,43.8,0.800,0.267,2.10,20.593965,
band_B,10 mm steel,14,62.8,4.069,43.8,0.800,0.267,2.10,20.593965,
band_B,10 mm steel,15,63.1,4.089,43.8,0.800,0.267,2.10,20.593965,
band_B,10 mm steel,16,63.1,4.089,43.8,0.800,0.267,2.10,20.593965,
band_B,10 mm steel,17,63.0,4.082,43.7,0.800,0.267,2.10,20.593965,
band_B,10 mm steel,18,63.1,4.089,43.8,0.800,0.267,2.10,20.593965,
band_B,10 mm steel,19,63.0,4.082,43.8,0.800,0.267,2.10,20.593965,
band_B,10 mm steel,20,63.1,4.089,43.8,0.800,0.267,2.10,20.593965,
band_B,9 mm steel,1,46.1,2.987,47.5,0.800,0.267,2.10,20.593965,
band_B,9 mm steel,2,46.1,2.987,47.3,0.800,0.267,2.10,20.593965,
band_B,9 mm steel,3,46.1,2.987,47.4,0.800,0.267,2.10,20.593965,
band_B,9 mm steel,4,46.1,2.987,47.4,0.800,0.267,2.10,20.593965,
band_B,9 mm steel,5,46.1,2.987,47.2,0.800,0.267,2.10,20.593965,
band_B,9 mm steel,6,46.1,2.987,47.3,0.800,0.267,2.10,20.593965,
band_B,9 mm steel,7,46.1,2.987,47.2,0.800,0.267,2.10,20.593965,
band_B,9 mm steel,8,46.1,2.987,47.3,0.800,0.267,2.10,20.593965,
band_B,9 mm steel,9,46.1,2.987,47.2,0.800,0.267,2.10,20.593965,
band_B,9 mm steel,10,46.1,2.987,47.3,0.800,0.267,2.10,20.593965,
band_B,9 mm steel,11,46.1,2.987,47.3,0.800,0.267,2.10,20.593965,
band_B,9 mm steel,12,46.1,2.987,47.0,0.800,0.267,2.10,20.593965,
band_B,9 mm steel,13,46.1,2.987,47.2,0.800,0.267,2.10,20.593965,
band_B,9 mm steel,14,46.1,2.987,47.2,0.800,0.267,2.10,20.593965,
band_B,9 mm steel,15,46.1,2.987,47.2,0.800,0.267,2.10,20.593965,
band_B,9 mm steel,16,46.1,2.987,47.2,0.800,0.267,2.10,20.593965,
band_B,9 mm steel,17,46.1,2.987,47.2,0.800,0.267,2.10,20.593965,
band_B,9 mm steel,18,46.1,2.987,47.2,0.800,0.267,2.10,20.593965,
band_B,9 mm steel,19,46.1,2.987,47.1,0.800,0.267,2.10,20.593965,
band_B,9 mm steel,20,46.1,2.987,47.2,0.800,0.267,2.10,20.593965,
band_B,8 mm steel,1,32.3,2.093,50.2,0.800,0.267,2.10,20.593965,
band_B,8 mm steel,2,32.3,2.093,50.1,0.800,0.267,2.10,20.593965,
band_B,8 mm steel,3,32.1,2.080,50.1,0.800,0.267,2.10,20.593965,
band_B,8 mm steel,4,32.3,2.093,50.1,0.800,0.267,2.10,20.593965,
band_B,8 mm steel,5,32.3,2.093,50.2,0.800,0.267,2.10,20.593965,
band_B,8 mm steel,6,32.3,2.093,50.1,0.800,0.267,2.10,20.593965,
band_B,8 mm steel,7,32.3,2.093,50.1,0.800,0.267,2.10,20.593965,
band_B,8 mm steel,8,32.3,2.093,50.2,0.800,0.267,2.10,20.593965,
band_B,8 mm steel,9,32.1,2.080,50.1,0.800,0.267,2.10,20.593965,
band_B,8 mm steel,10,32.3,2.093,49.9,0.800,0.267,2.10,20.593965,
band_B,8 mm steel,11,32.3,2.093,50.1,0.800,0.267,2.10,20.593965,
band_B,8 mm steel,12,32.3,2.093,50.1,0.800,0.267,2.10,20.593965,
band_B,8 mm steel,13,32.1,2.080,50.1,0.800,0.267,2.10,20.593965,
band_B,8 mm steel,14,32.1,2.080,50.1,0.800,0.267,2.10,20.593965,
band_B,8 mm steel,15,32.3,2.093,50.1,0.800,0.267,2.10,20.593965,
band_B,8 mm steel,16,32.1,2.080,50.1,0.800,0.267,2.10,20.593965,
band_B,8 mm steel,17,32.1,2.080,50.2,0.800,0.267,2.10,20.593965,
band_B,8 mm steel,18,32.1,2.080,50.2,0.800,0.267,2.10,20.593965,
band_B,8 mm steel,19,32.1,2.080,50.1,0.800,0.267,2.10,20.593965,
band_B,8 mm steel,20,32.1,2.080,50.0,0.800,0.267,2.10,20.593965,
band_B,7 mm steel,1,21.6,1.400,52.6,0.800,0.267,2.10,20.593965,
band_B,7 mm steel,2,21.5,1.393,52.3,0.800,0.267,2.10,20.593965,
band_B,7 mm steel,3,21.6,1.400,52.4,0.800,0.267,2.10,20.593965,
band_B,7 mm steel,4,21.6,1.400,52.3,0.800,0.267,2.10,20.593965,
band_B,7 mm steel,5,21.6,1.400,52.4,0.800,0.267,2.10,20.593965,
band_B,7 mm steel,6,21.6,1.400,52.3,0.800,0.267,2.10,20.593965,
band_B,7 mm steel,7,21.6,1.400,52.3,0.800,0.267,2.10,20.593965,
band_B,7 mm steel,8,21.5,1.393,52.5,0.800,0.267,2.10,20.593965,
band_B,7 mm steel,9,21.6,1.400,52.3,0.800,0.267,2.10,20.593965,
band_B,7 mm steel,10,21.6,1.400,52.3,0.800,0.267,2.10,20.593965,
band_B,7 mm steel,11,21.6,1.400,52.3,0.800,0.267,2.10,20.593965,
band_B,7 mm steel,12,21.5,1.393,52.3,0.800,0.267,2.10,20.593965,
band_B,7 mm steel,13,21.6,1.400,52.2,0.800,0.267,2.10,20.593965,
band_B,7 mm steel,14,21.6,1.400,52.3,0.800,0.267,2.10,20.593965,
band_B,7 mm steel,15,21.6,1.400,52.3,0.800,0.267,2.10,20.593965,
band_B,7 mm steel,16,21.6,1.400,52.3,0.800,0.267,2.10,20.593965,
band_B,7 mm steel,17,21.5,1.393,52.2,0.800,0.267,2.10,20.593965,
band_B,7 mm steel,18,21.5,1.393,52.1,0.800,0.267,2.10,20.593965,
band_B,7 mm steel,19,21.5,1.393,52.3,0.800,0.267,2.10,20.593965,
band_B,7 mm steel,20,21.6,1.400,52.0,0.800,0.267,2.10,20.593965,
band_B,6 mm steel,1,13.6,0.881,54.6,0.800,0.267,2.10,20.593965,
band_B,6 mm steel,2,13.6,0.881,54.5,0.800,0.267,2.10,20.593965,
band_B,6 mm steel,3,13.6,0.881,54.4,0.800,0.267,2.10,20.593965,
band_B,6 mm steel,4,13.6,0.881,54.2,0.800,0.267,2.10,20.593965,
band_B,6 mm steel,5,13.6,0.881,54.3,0.800,0.267,2.10,20.593965,
band_B,6 mm steel,6,13.6,0.881,54.2,0.800,0.267,2.10,20.593965,
band_B,6 mm steel,7,13.6,0.881,54.2,0.800,0.267,2.10,20.593965,
band_B,6 mm steel,8,13.6,0.881,54.1,0.800,0.267,2.10,20.593965,
band_B,6 mm steel,9,13.7,0.888,54.3,0.800,0.267,2.10,20.593965,
band_B,6 mm steel,10,13.6,0.881,54.2,0.800,0.267,2.10,20.593965,
band_B,6 mm steel,11,13.6,0.881,54.2,0.800,0.267,2.10,20.593965,
band_B,6 mm steel,12,13.6,0.881,54.2,0.800,0.267,2.10,20.593965,
band_B,6 mm steel,13,13.7,0.888,54.2,0.800,0.267,2.10,20.593965,
band_B,6 mm steel,14,13.6,0.881,54.2,0.800,0.267,2.10,20.593965,
band_B,6 mm steel,15,13.6,0.881,54.3,0.800,0.267,2.10,20.593965,
band_B,6 mm steel,16,13.6,0.881,54.0,0.800,0.267,2.10,20.593965,
band_B,6 mm steel,17,13.6,0.881,54.1,0.800,0.267,2.10,20.593965,
band_B,6 mm steel,18,13.4,0.868,54.2,0.800,0.267,2.10,20.593965,
band_B,6 mm steel,19,13.6,0.881,54.2,0.800,0.267,2.10,20.593965,
band_B,6 mm steel,20,13.6,0.881,54.0,0.800,0.267,2.10,20.593965,
band_B,5.5 mm steel,1,10.5,0.680,55.0,0.800,0.267,2.10,20.593965,
band_B,5.5 mm steel,2,10.5,0.680,54.9,0.800,0.267,2.10,20.593965,
band_B,5.5 mm steel,3,10.5,0.680,54.9,0.800,0.267,2.10,20.593965,
band_B,5.5 mm steel,4,10.3,0.667,55.0,0.800,0.267,2.10,20.593965,
band_B,5.5 mm steel,5,10.5,0.680,54.9,0.800,0.267,2.10,20.593965,
band_B,5.5 mm steel,6,10.3,0.667,54.7,0.800,0.267,2.10,20.593965,
band_B,5.5 mm steel,7,10.3,0.667,54.7,0.800,0.267,2.10,20.593965,
band_B,5.5 mm steel,8,10.3,0.667,54.8,0.800,0.267,2.10,20.593965,
band_B,5.5 mm steel,9,10.5,0.680,54.6,0.800,0.267,2.10,20.593965,
band_B,5.5 mm steel,10,10.3,0.667,54.8,0.800,0.267,2.10,20.593965,
band_B,5.5 mm steel,11,10.5,0.680,54.7,0.800,0.267,2.10,20.593965,
band_B,5.5 mm steel,12,10.5,0.680,54.7,0.800,0.267,2.10,20.593965,
band_B,5.5 mm steel,13,10.3,0.667,54.8,0.800,0.267,2.10,20.593965,
band_B,5.5 mm steel,14,10.5,0.680,54.8,0.800,0.267,2.10,20.593965,
band_B,5.5 mm steel,15,10.5,0.680,54.8,0.800,0.267,2.10,20.593965,
band_B,5.5 mm steel,16,10.3,0.667,54.7,0.800,0.267,2.10,20.593965,
band_B,5.5 mm steel,17,10.5,0.680,54.8,0.800,0.267,2.10,20.593965,
band_B,5.5 mm steel,18,10.5,0.680,54.8,0.800,0.267,2.10,20.593965,
band_B,5.5 mm steel,19,10.3,0.667,54.8,0.800,0.267,2.10,20.593965,
band_B,5.5 mm steel,20,10.5,0.680,54.8,0.800,0.267,2.10,20.593965,
band_B,5 mm steel,1,7.7,0.499,55.3,0.800,0.267,2.10,20.593965,
band_B,5 mm steel,2,7.7,0.499,55.3,0.800,0.267,2.10,20.593965,
band_B,5 mm steel,3,7.9,0.512,55.4,0.800,0.267,2.10,20.593965,
band_B,5 mm steel,4,7.9,0.512,55.3,0.800,0.267,2.10,20.593965,
band_B,5 mm steel,5,8.0,0.518,55.3,0.800,0.267,2.10,20.593965,
band_B,5 mm steel,6,7.9,0.512,55.3,0.800,0.267,2.10,20.593965,
band_B,5 mm steel,7,7.9,0.512,55.3,0.800,0.267,2.10,20.593965,
band_B,5 mm steel,8,7.9,0.512,55.2,0.800,0.267,2.10,20.593965,
band_B,5 mm steel,9,7.9,0.512,55.1,0.800,0.267,2.10,20.593965,
band_B,5 mm steel,10,8.0,0.518,55.2,0.800,0.267,2.10,20.593965,
band_B,5 mm steel,11,7.9,0.512,55.1,0.800,0.267,2.10,20.593965,
band_B,5 mm steel,12,8.0,0.518,55.2,0.800,0.267,2.10,20.593965,
band_B,5 mm steel,13,7.9,0.512,55.2,0.800,0.267,2.10,20.593965,
band_B,5 mm steel,14,7.9,0.512,55.2,0.800,0.267,2.10,20.593965,
band_B,5 mm steel,15,7.9,0.512,55.0,0.800,0.267,2.10,20.593965,
band_B,5 mm steel,16,7.9,0.512,55.1,0.800,0.267,2.10,20.593965,
band_B,5 mm steel,17,8.0,0.518,55.2,0.800,0.267,2.10,20.593965,
band_B,5 mm steel,18,7.9,0.512,55.0,0.800,0.267,2.10,20.593965,auto-fire
band_B,5 mm steel,19,8.0,0.518,55.2,0.800,0.267,2.10,20.593965,auto-fire
band_B,5 mm steel,20,7.9,0.512,55.0,0.800,0.267,2.10,20.593965,
band_B,clay,1,17.0,1.102,53.6,0.800,0.267,2.10,20.593965,
band_B,clay,2,17.0,1.102,53.5,0.800,0.267,2.10,20.593965,
band_B,clay,3,16.7,1.082,53.6,0.800,0.267,2.10,20.593965,
band_B,clay,4,16.0,1.037,53.8,0.800,0.267,2.10,20.593965,
band_B,clay,5,16.4,1.063,53.6,0.800,0.267,2.10,20.593965,
band_B,clay,6,17.1,1.108,53.4,0.800,0.267,2.10,20.593965,
band_B,clay,7,15.3,0.991,53.8,0.800,0.267,2.10,20.593965,
band_B,clay,8,16.7,1.082,53.7,0.800,0.267,2.10,20.593965,
band_B,clay,9,15.9,1.030,53.8,0.800,0.267,2.10,20.593965,
band_B,clay,10,16.5,1.069,53.6,0.800,0.267,2.10,20.593965,
band_B,clay,11,16.4,1.063,53.7,0.800,0.267,2.10,20.593965,
band_B,clay,12,16.5,1.069,53.5,0.800,0.267,2.10,20.593965,
band_B,clay,13,17.0,1.102,53.5,0.800,0.267,2.10,20.593965,
band_B,clay,14,16.2,1.050,53.7,0.800,0.267,2.10,20.593965,
band_B,clay,15,16.2,1.050,53.6,0.800,0.267,2.10,20.593965,
band_B,clay,16,16.7,1.082,53.4,0.800,0.267,2.10,20.593965,
band_B,clay,17,17.6,1.140,53.3,0.800,0.267,2.10,20.593965,
band_B,clay,18,17.6,1.140,53.1,0.800,0.267,2.10,20.593965,
band_B,clay,19,17.7,1.147,53.2,0.800,0.267,2.10,20.593965,
band_B,clay,20,16.5,1.069,53.5,0.800,0.267,2.10,20.593965,
band_B,rubber,1,9.6,0.622,54.9,0.800,0.267,2.10,20.593965,
band_B,rubber,2,9.4,0.609,55.2,0.800,0.267,2.10,20.593965,
band_B,rubber,3,9.3,0.603,55.1,0.800,0.267,2.10,20.593965,
band_B,rubber,4,9.4,0.609,55.0,0.800,0.267,2.10,20.593965,
band_B,rubber,5,9.1,0.590,55.1,0.800,0.267,2.10,20.593965,
band_B,rubber,6,9.1,0.590,55.0,0.800,0.267,2.10,20.593965,
band_B,rubber,7,9.3,0.603,55.1,0.800,0.267,2.10,20.593965,
band_B,rubber,8,9.3,0.603,55.0,0.800,0.267,2.10,20.593965,
band_B,rubber,9,9.0,0.583,55.0,0.800,0.267,2.10,20.593965,
band_B,rubber,10,9.3,0.603,55.0,0.800,0.267,2.10,20.593965,
band_B,rubber,11,9.6,0.622,54.9,0.800,0.267,2.10,20.593965,
band_B,rubber,12,9.4,0.609,55.0,0.800,0.267,2.10,20.593965,
band_B,rubber,13,9.6,0.622,54.8,0.800,0.267,2.10,20.593965,
band_B,rubber,14,9.4,0.609,54.8,0.800,0.267,2.10,20.593965,
band_B,rubber,15,9.4,0.609,55.0,0.800,0.267,2.10,20.593965,
band_B,rubber,16,9.4,0.609,55.0,0.800,0.267,2.10,20.593965,
band_B,rubber,17,9.4,0.609,54.9,0.800,0.267,2.10,20.593965,
band_B,rubber,18,9.4,0.609,54.8,0.800,0.267,2.10,20.593965,
band_B,rubber,19,9.4,0.609,54.8,0.800,0.267,2.10,20.593965,
band_B,rubber,20,9.4,0.609,54.8,0.800,0.267,2.10,20.593965,
band_B,"3/8"" steel",1,54.3,3.519,45.3,0.800,0.267,2.10,20.593965,
band_B,"3/8"" steel",2,54.3,3.519,45.4,0.800,0.267,2.10,20.593965,
band_B,"3/8"" steel",3,54.3,3.519,45.3,0.800,0.267,2.10,20.593965,
band_B,"3/8"" steel",4,54.8,3.551,45.3,0.800,0.267,2.10,20.593965,
band_B,"3/8"" steel",5,54.9,3.557,45.3,0.800,0.267,2.10,20.593965,
band_B,"3/8"" steel",6,54.5,3.532,45.3,0.800,0.267,2.10,20.593965,
band_B,"3/8"" steel",7,54.5,3.532,45.2,0.800,0.267,2.10,20.593965,
band_B,"3/8"" steel",8,54.2,3.512,45.3,0.800,0.267,2.10,20.593965,
band_B,"3/8"" steel",9,54.8,3.551,45.2,0.800,0.267,2.10,20.593965,
band_B,"3/8"" steel",10,54.9,3.557,45.3,0.800,0.267,2.10,20.593965,
band_B,"3/8"" steel",11,54.8,3.551,45.3,0.800,0.267,2.10,20.593965,
band_B,"3/8"" steel",12,54.6,3.538,45.1,0.800,0.267,2.10,20.593965,
band_B,"3/8"" steel",13,54.9,3.557,45.1,0.800,0.267,2.10,20.593965,
band_B,"3/8"" steel",14,54.8,3.551,45.1,0.800,0.267,2.10,20.593965,
band_B,"3/8"" steel",15,54.9,3.557,45.1,0.800,0.267,2.10,20.593965,
band_B,"3/8"" steel",16,54.9,3.557,45.1,0.800,0.267,2.10,20.593965,
band_B,"3/8"" steel",17,54.8,3.551,45.1,0.800,0.267,2.10,20.593965,
band_B,"3/8"" steel",18,54.8,3.551,45.0,0.800,0.267,2.10,20.593965,
band_B,"3/8"" steel",19,54.9,3.557,45.1,0.800,0.267,2.10,20.593965,
band_B,"3/8"" steel",20,54.8,3.551,45.1,0.800,0.267,2.10,20.593965,
band_C,"1/2"" steel",1,129.0,8.359,35.9,0.800,0.269,2.42,23.732093,prior to band replacement
band_C,"1/2"" steel",2,129.2,8.372,35.6,0.800,0.269,2.42,23.732093,prior to band replacement
band_C,"1/2"" steel",3,129.2,8.372,35.8,0.800,0.269,2.42,23.732093,prior to band replacement
band_C,"1/2"" steel",4,129.2,8.372,35.6,0.800,0.269,2.42,23.732093,prior to band replacement
band_C,"1/2"" steel",5,129.2,8.372,35.6,0.800,0.269,2.42,23.732093,prior to band replacement
band_C,"1/2"" steel",6,129.2,8.372,35.6,0.800,0.269,2.42,23.732093,prior to band replacement
band_C,"1/2"" steel",7,129.2,8.372,35.6,0.800,0.269,2.42,23.732093,prior to band replacement
band_C,"1/2"" steel",8,129.2,8.372,35.3,0.800,0.269,2.42,23.732093,prior to band replacement
band_C,"1/2"" steel",9,129.2,8.372,35.4,0.800,0.269,2.42,23.732093,prior to band replacement
band_C,"1/2"" steel",10,129.2,8.372,35.5,0.800,0.269,2.42,23.732093,prior to band replacement
band_C,"1/2"" steel",11,129.2,8.372,35.7,0.800,0.269,2.42,23.732093,prior to band replacement
band_C,"1/2"" steel",12,129.0,8.359,35.5,0.800,0.269,2.42,23.732093,prior to band replacement
band_C,"1/2"" steel",13,129.0,8.359,35.3,0.800,0.269,2.42,23.732093,"noticed a tear in the band. possibly due to a prior failure to load the pouch into the release-aid, which led to a misfire."
band_C,"1/2"" steel",14,129.0,8.359,36.8,0.800,0.268,2.41,23.6340265,replaced the damaged band
band_C,"1/2"" steel",15,129.0,8.359,36.9,0.800,0.268,2.41,23.6340265,
band_C,"1/2"" steel",16,129.0,8.359,36.7,0.800,0.268,2.41,23.6340265,
band_C,"1/2"" steel",17,129.2,8.372,36.6,0.800,0.268,2.41,23.6340265,
band_C,"1/2"" steel",18,129.0,8.359,36.5,0.800,0.268,2.41,23.6340265,
band_C,"1/2"" steel",19,129.0,8.359,36.6,0.800,0.268,2.41,23.6340265,
band_C,"1/2"" steel",20,129.0,8.359,36.5,0.800,0.268,2.41,23.6340265,
band_C,12 mm steel,1,108.2,7.011,39.2,0.800,0.268,2.41,23.6340265,
band_C,12 mm steel,2,108.2,7.011,39.4,0.800,0.268,2.41,23.6340265,
band_C,12 mm steel,3,108.2,7.011,39.2,0.800,0.268,2.41,23.6340265,
band_C,12 mm steel,4,108.2,7.011,39.0,0.800,0.268,2.41,23.6340265,
band_C,12 mm steel,5,108.2,7.011,39.1,0.800,0.268,2.41,23.6340265,
band_C,12 mm steel,6,108.2,7.011,39.3,0.800,0.268,2.41,23.6340265,
band_C,12 mm steel,7,108.2,7.011,39.3,0.800,0.268,2.41,23.6340265,
band_C,12 mm steel,8,108.2,7.011,39.1,0.800,0.268,2.41,23.6340265,
band_C,12 mm steel,9,108.2,7.011,39.3,0.800,0.268,2.41,23.6340265,
band_C,12 mm steel,10,108.2,7.011,39.1,0.800,0.268,2.41,23.6340265,
band_C,12 mm steel,11,108.2,7.011,39.4,0.800,0.268,2.41,23.6340265,
band_C,12 mm steel,12,108.2,7.011,39.2,0.800,0.268,2.41,23.6340265,
band_C,12 mm steel,13,108.2,7.011,39.3,0.800,0.268,2.41,23.6340265,
band_C,12 mm steel,14,108.2,7.011,39.2,0.800,0.268,2.41,23.6340265,
band_C,12 mm steel,15,108.2,7.011,39.1,0.800,0.268,2.41,23.6340265,
band_C,12 mm steel,16,108.2,7.011,39.2,0.800,0.268,2.41,23.6340265,
band_C,12 mm steel,17,108.2,7.011,39.1,0.800,0.268,2.41,23.6340265,
band_C,12 mm steel,18,108.2,7.011,39.2,0.800,0.268,2.41,23.6340265,
band_C,12 mm steel,19,108.2,7.011,39.1,0.800,0.268,2.41,23.6340265,
band_C,12 mm steel,20,108.2,7.011,39.2,0.800,0.268,2.41,23.6340265,
band_C,11 mm steel,1,83.8,5.430,43.3,0.800,0.268,2.41,23.6340265,
band_C,11 mm steel,2,83.5,5.411,43.2,0.800,0.268,2.41,23.6340265,
band_C,11 mm steel,3,83.5,5.411,43.2,0.800,0.268,2.41,23.6340265,
band_C,11 mm steel,4,83.6,5.417,43.0,0.800,0.268,2.41,23.6340265,
band_C,11 mm steel,5,83.6,5.417,43.1,0.800,0.268,2.41,23.6340265,
band_C,11 mm steel,6,83.6,5.417,43.2,0.800,0.268,2.41,23.6340265,
band_C,11 mm steel,7,83.6,5.417,43.1,0.800,0.268,2.41,23.6340265,
band_C,11 mm steel,8,83.6,5.417,43.1,0.800,0.268,2.41,23.6340265,
band_C,11 mm steel,9,83.6,5.417,43.1,0.800,0.268,2.41,23.6340265,
band_C,11 mm steel,10,83.8,5.430,43.1,0.800,0.268,2.41,23.6340265,
band_C,11 mm steel,11,83.8,5.430,43.2,0.800,0.268,2.41,23.6340265,
band_C,11 mm steel,12,83.6,5.417,43.2,0.800,0.268,2.41,23.6340265,
band_C,11 mm steel,13,83.6,5.417,43.1,0.800,0.268,2.41,23.6340265,
band_C,11 mm steel,14,83.5,5.411,43.1,0.800,0.268,2.41,23.6340265,
band_C,11 mm steel,15,83.5,5.411,43.1,0.800,0.268,2.41,23.6340265,
band_C,11 mm steel,16,83.5,5.411,43.2,0.800,0.268,2.41,23.6340265,
band_C,11 mm steel,17,83.5,5.411,43.2,0.800,0.268,2.41,23.6340265,
band_C,11 mm steel,18,83.6,5.417,43.2,0.800,0.268,2.41,23.6340265,
band_C,11 mm steel,19,83.6,5.417,43.2,0.800,0.268,2.41,23.6340265,
band_C,11 mm steel,20,83.8,5.430,43.1,0.800,0.268,2.41,23.6340265,
band_C,10 mm steel,1,63.3,4.102,46.9,0.800,0.268,2.41,23.6340265,
band_C,10 mm steel,2,63.1,4.089,46.9,0.800,0.268,2.41,23.6340265,
band_C,10 mm steel,3,63.1,4.089,46.9,0.800,0.268,2.41,23.6340265,
band_C,10 mm steel,4,63.1,4.089,46.9,0.800,0.268,2.41,23.6340265,
band_C,10 mm steel,5,63.1,4.089,46.9,0.800,0.268,2.41,23.6340265,
band_C,10 mm steel,6,63.0,4.082,47.0,0.800,0.268,2.41,23.6340265,
band_C,10 mm steel,7,63.1,4.089,46.9,0.800,0.268,2.41,23.6340265,
band_C,10 mm steel,8,63.0,4.082,46.8,0.800,0.268,2.41,23.6340265,
band_C,10 mm steel,9,63.0,4.082,46.9,0.800,0.268,2.41,23.6340265,
band_C,10 mm steel,10,63.0,4.082,46.8,0.800,0.268,2.41,23.6340265,
band_C,10 mm steel,11,63.0,4.082,46.9,0.800,0.268,2.41,23.6340265,
band_C,10 mm steel,12,63.1,4.089,46.9,0.800,0.268,2.41,23.6340265,
band_C,10 mm steel,13,63.1,4.089,46.9,0.800,0.268,2.41,23.6340265,
band_C,10 mm steel,14,63.1,4.089,46.8,0.800,0.268,2.41,23.6340265,
band_C,10 mm steel,15,63.1,4.089,46.9,0.800,0.268,2.41,23.6340265,
band_C,10 mm steel,16,63.0,4.082,46.9,0.800,0.268,2.41,23.6340265,
band_C,10 mm steel,17,63.0,4.082,46.8,0.800,0.268,2.41,23.6340265,
band_C,10 mm steel,18,63.1,4.089,46.9,0.800,0.268,2.41,23.6340265,
band_C,10 mm steel,19,63.1,4.089,46.8,0.800,0.268,2.41,23.6340265,
band_C,10 mm steel,20,63.1,4.089,46.8,0.800,0.268,2.41,23.6340265,
band_C,9 mm steel,1,46.1,2.987,50.3,0.800,0.268,2.41,23.6340265,
band_C,9 mm steel,2,46.1,2.987,50.3,0.800,0.268,2.41,23.6340265,
band_C,9 mm steel,3,46.1,2.987,50.3,0.800,0.268,2.41,23.6340265,
band_C,9 mm steel,4,46.1,2.987,50.1,0.800,0.268,2.41,23.6340265,
band_C,9 mm steel,5,46.1,2.987,50.1,0.800,0.268,2.41,23.6340265,
band_C,9 mm steel,6,46.1,2.987,50.2,0.800,0.268,2.41,23.6340265,
band_C,9 mm steel,7,46.1,2.987,50.2,0.800,0.268,2.41,23.6340265,
band_C,9 mm steel,8,46.1,2.987,50.2,0.800,0.268,2.41,23.6340265,
band_C,9 mm steel,9,46.1,2.987,50.2,0.800,0.268,2.41,23.6340265,
band_C,9 mm steel,10,46.1,2.987,50.1,0.800,0.268,2.41,23.6340265,
band_C,9 mm steel,11,46.1,2.987,50.2,0.800,0.268,2.41,23.6340265,
band_C,9 mm steel,12,46.1,2.987,50.3,0.800,0.268,2.41,23.6340265,
band_C,9 mm steel,13,46.1,2.987,50.2,0.800,0.268,2.41,23.6340265,
band_C,9 mm steel,14,46.1,2.987,50.3,0.800,0.268,2.41,23.6340265,
band_C,9 mm steel,15,46.1,2.987,50.3,0.800,0.268,2.41,23.6340265,
band_C,9 mm steel,16,46.1,2.987,50.2,0.800,0.268,2.41,23.6340265,
band_C,9 mm steel,17,46.1,2.987,50.3,0.800,0.268,2.41,23.6340265,
band_C,9 mm steel,18,46.1,2.987,50.3,0.800,0.268,2.41,23.6340265,
band_C,9 mm steel,19,46.1,2.987,50.2,0.800,0.268,2.41,23.6340265,
band_C,9 mm steel,20,46.1,2.987,50.2,0.800,0.268,2.41,23.6340265,
band_C,8 mm steel,1,32.4,2.099,53.2,0.800,0.268,2.41,23.6340265,
band_C,8 mm steel,2,32.3,2.093,52.9,0.800,0.268,2.41,23.6340265,
band_C,8 mm steel,3,32.4,2.099,52.9,0.800,0.268,2.41,23.6340265,
band_C,8 mm steel,4,32.3,2.093,52.8,0.800,0.268,2.41,23.6340265,
band_C,8 mm steel,5,32.3,2.093,52.9,0.800,0.268,2.41,23.6340265,
band_C,8 mm steel,6,32.3,2.093,52.9,0.800,0.268,2.41,23.6340265,
band_C,8 mm steel,7,32.4,2.099,52.2,0.800,0.268,2.41,23.6340265,
band_C,8 mm steel,8,32.4,2.099,52.8,0.800,0.268,2.41,23.6340265,
band_C,8 mm steel,9,32.3,2.093,52.9,0.800,0.268,2.41,23.6340265,
band_C,8 mm steel,10,32.3,2.093,52.8,0.800,0.268,2.41,23.6340265,
band_C,8 mm steel,11,32.3,2.093,53.0,0.800,0.268,2.41,23.6340265,
band_C,8 mm steel,12,32.4,2.099,52.9,0.800,0.268,2.41,23.6340265,
band_C,8 mm steel,13,32.3,2.093,53.0,0.800,0.268,2.41,23.6340265,
band_C,8 mm steel,14,32.4,2.099,52.8,0.800,0.268,2.41,23.6340265,
band_C,8 mm steel,15,32.3,2.093,52.8,0.800,0.268,2.41,23.6340265,
band_C,8 mm steel,16,32.3,2.093,52.9,0.800,0.268,2.41,23.6340265,
band_C,8 mm steel,17,32.3,2.093,52.8,0.800,0.268,2.41,23.6340265,
band_C,8 mm steel,18,32.3,2.093,52.9,0.800,0.268,2.41,23.6340265,
band_C,8 mm steel,19,32.1,2.080,52.9,0.800,0.268,2.41,23.6340265,
band_C,8 mm steel,20,32.3,2.093,52.8,0.800,0.268,2.41,23.6340265,
band_C,7 mm steel,1,21.6,1.400,55.3,0.800,0.268,2.41,23.6340265,
band_C,7 mm steel,2,21.6,1.400,55.2,0.800,0.268,2.41,23.6340265,
band_C,7 mm steel,3,21.5,1.393,55.1,0.800,0.268,2.41,23.6340265,
band_C,7 mm steel,4,21.6,1.400,55.2,0.800,0.268,2.41,23.6340265,
band_C,7 mm steel,5,21.6,1.400,55.1,0.800,0.268,2.41,23.6340265,
band_C,7 mm steel,6,21.6,1.400,55.0,0.800,0.268,2.41,23.6340265,
band_C,7 mm steel,7,21.6,1.400,55.2,0.800,0.268,2.41,23.6340265,
band_C,7 mm steel,8,21.6,1.400,55.2,0.800,0.268,2.41,23.6340265,
band_C,7 mm steel,9,21.6,1.400,55.1,0.800,0.268,2.41,23.6340265,
band_C,7 mm steel,10,21.6,1.400,55.2,0.800,0.268,2.41,23.6340265,
band_C,7 mm steel,11,21.6,1.400,55.1,0.800,0.268,2.41,23.6340265,
band_C,7 mm steel,12,21.3,1.380,55.2,0.800,0.268,2.41,23.6340265,
band_C,7 mm steel,13,21.6,1.400,55.1,0.800,0.268,2.41,23.6340265,
band_C,7 mm steel,14,21.6,1.400,55.3,0.800,0.268,2.41,23.6340265,
band_C,7 mm steel,15,21.5,1.393,54.9,0.800,0.268,2.41,23.6340265,
band_C,7 mm steel,16,21.3,1.380,55.2,0.800,0.268,2.41,23.6340265,
band_C,7 mm steel,17,21.6,1.400,55.2,0.800,0.268,2.41,23.6340265,
band_C,7 mm steel,18,21.6,1.400,55.3,0.800,0.268,2.41,23.6340265,
band_C,7 mm steel,19,21.9,1.419,55.2,0.800,0.268,2.41,23.6340265,
band_C,7 mm steel,20,21.6,1.400,54.9,0.800,0.268,2.41,23.6340265,
band_C,6 mm steel,1,13.7,0.888,57.0,0.800,0.268,2.41,23.6340265,
band_C,6 mm steel,2,13.6,0.881,57.0,0.800,0.268,2.41,23.6340265,
band_C,6 mm steel,3,13.6,0.881,57.1,0.800,0.268,2.41,23.6340265,
band_C,6 mm steel,4,13.6,0.881,57.0,0.800,0.268,2.41,23.6340265,
band_C,6 mm steel,5,13.6,0.881,56.4,0.800,0.268,2.41,23.6340265,
band_C,6 mm steel,6,13.6,0.881,57.0,0.800,0.268,2.41,23.6340265,
band_C,6 mm steel,7,13.6,0.881,56.9,0.800,0.268,2.41,23.6340265,
band_C,6 mm steel,8,13.6,0.881,56.9,0.800,0.268,2.41,23.6340265,
band_C,6 mm steel,9,13.6,0.881,56.9,0.800,0.268,2.41,23.6340265,
band_C,6 mm steel,10,13.6,0.881,56.9,0.800,0.268,2.41,23.6340265,
band_C,6 mm steel,11,13.7,0.888,57.0,0.800,0.268,2.41,23.6340265,
band_C,6 mm steel,12,13.6,0.881,56.9,0.800,0.268,2.41,23.6340265,
band_C,6 mm steel,13,13.6,0.881,56.9,0.800,0.268,2.41,23.6340265,
band_C,6 mm steel,14,13.6,0.881,56.9,0.800,0.268,2.41,23.6340265,
band_C,6 mm steel,15,13.7,0.888,56.6,0.800,0.268,2.41,23.6340265,
band_C,6 mm steel,16,13.6,0.881,56.8,0.800,0.268,2.41,23.6340265,
band_C,6 mm steel,17,13.7,0.888,56.8,0.800,0.268,2.41,23.6340265,
band_C,6 mm steel,18,13.6,0.881,56.8,0.800,0.268,2.41,23.6340265,
band_C,6 mm steel,19,13.6,0.881,56.8,0.800,0.268,2.41,23.6340265,
band_C,6 mm steel,20,13.6,0.881,57.0,0.800,0.268,2.41,23.6340265,
band_C,5.5 mm steel,1,10.5,0.680,57.5,0.800,0.268,2.41,23.6340265,
band_C,5.5 mm steel,2,10.5,0.680,57.5,0.800,0.268,2.41,23.6340265,
band_C,5.5 mm steel,3,10.5,0.680,57.7,0.800,0.268,2.41,23.6340265,
band_C,5.5 mm steel,4,10.5,0.680,57.6,0.800,0.268,2.41,23.6340265,
band_C,5.5 mm steel,5,10.5,0.680,57.7,0.800,0.268,2.41,23.6340265,
band_C,5.5 mm steel,6,10.3,0.667,57.5,0.800,0.268,2.41,23.6340265,
band_C,5.5 mm steel,7,10.5,0.680,57.7,0.800,0.268,2.41,23.6340265,
band_C,5.5 mm steel,8,10.3,0.667,57.7,0.800,0.268,2.41,23.6340265,
band_C,5.5 mm steel,9,10.3,0.667,57.6,0.800,0.268,2.41,23.6340265,
band_C,5.5 mm steel,10,10.5,0.680,57.5,0.800,0.268,2.41,23.6340265,
band_C,5.5 mm steel,11,10.5,0.680,57.7,0.800,0.268,2.41,23.6340265,
band_C,5.5 mm steel,12,10.5,0.680,57.6,0.800,0.268,2.41,23.6340265,
band_C,5.5 mm steel,13,10.3,0.667,57.6,0.800,0.268,2.41,23.6340265,
band_C,5.5 mm steel,14,10.3,0.667,57.7,0.800,0.268,2.41,23.6340265,
band_C,5.5 mm steel,15,10.5,0.680,57.5,0.800,0.268,2.41,23.6340265,
band_C,5.5 mm steel,16,10.6,0.687,57.6,0.800,0.268,2.41,23.6340265,
band_C,5.5 mm steel,17,10.3,0.667,57.6,0.800,0.268,2.41,23.6340265,
band_C,5.5 mm steel,18,10.5,0.680,57.7,0.800,0.268,2.41,23.6340265,
band_C,5.5 mm steel,19,10.5,0.680,57.6,0.800,0.268,2.41,23.6340265,
band_C,5.5 mm steel,20,10.5,0.680,57.6,0.800,0.268,2.41,23.6340265,
band_C,5 mm steel,1,7.9,0.512,58.0,0.800,0.268,2.41,23.6340265,
band_C,5 mm steel,2,8.0,0.518,58.4,0.800,0.268,2.41,23.6340265,
band_C,5 mm steel,3,7.9,0.512,58.2,0.800,0.268,2.41,23.6340265,
band_C,5 mm steel,4,7.9,0.512,58.3,0.800,0.268,2.41,23.6340265,
band_C,5 mm steel,5,8.0,0.518,58.4,0.800,0.268,2.41,23.6340265,
band_C,5 mm steel,6,7.9,0.512,58.3,0.800,0.268,2.41,23.6340265,
band_C,5 mm steel,7,7.9,0.512,58.1,0.800,0.268,2.41,23.6340265,
band_C,5 mm steel,8,7.9,0.512,58.3,0.800,0.268,2.41,23.6340265,
band_C,5 mm steel,9,7.9,0.512,58.0,0.800,0.268,2.41,23.6340265,
band_C,5 mm steel,10,7.9,0.512,58.2,0.800,0.268,2.41,23.6340265,
band_C,5 mm steel,11,7.7,0.499,58.3,0.800,0.268,2.41,23.6340265,
band_C,5 mm steel,12,8.0,0.518,58.3,0.800,0.268,2.41,23.6340265,
band_C,5 mm steel,13,7.9,0.512,58.2,0.800,0.268,2.41,23.6340265,
band_C,5 mm steel,14,8.0,0.518,58.3,0.800,0.268,2.41,23.6340265,
band_C,5 mm steel,15,8.0,0.518,58.1,0.800,0.268,2.41,23.6340265,
band_C,5 mm steel,16,7.9,0.512,58.2,0.800,0.268,2.41,23.6340265,
band_C,5 mm steel,17,7.9,0.512,58.2,0.800,0.268,2.41,23.6340265,
band_C,5 mm steel,18,7.9,0.512,58.2,0.800,0.268,2.41,23.6340265,
band_C,5 mm steel,19,8.0,0.518,58.3,0.800,0.268,2.41,23.6340265,
band_C,5 mm steel,20,7.9,0.512,58.2,0.800,0.268,2.41,23.6340265,
band_C,clay,1,15.0,0.972,56.8,0.800,0.268,2.41,23.6340265,
band_C,clay,2,17.3,1.121,56.3,0.800,0.268,2.41,23.6340265,
band_C,clay,3,17.0,1.102,56.2,0.800,0.268,2.41,23.6340265,
band_C,clay,4,16.2,1.050,56.5,0.800,0.268,2.41,23.6340265,
band_C,clay,5,15.9,1.030,56.6,0.800,0.268,2.41,23.6340265,
band_C,clay,6,15.6,1.011,56.7,0.800,0.268,2.41,23.6340265,
band_C,clay,7,16.4,1.063,56.6,0.800,0.268,2.41,23.6340265,
band_C,clay,8,17.1,1.108,56.3,0.800,0.268,2.41,23.6340265,
band_C,clay,9,15.1,0.978,56.8,0.800,0.268,2.41,23.6340265,
band_C,clay,10,16.5,1.069,56.4,0.800,0.268,2.41,23.6340265,
band_C,clay,11,16.5,1.069,56.5,0.800,0.268,2.41,23.6340265,
band_C,clay,12,16.8,1.089,56.4,0.800,0.268,2.41,23.6340265,
band_C,clay,13,16.5,1.069,56.1,0.800,0.268,2.41,23.6340265,
band_C,clay,14,15.3,0.991,56.7,0.800,0.268,2.41,23.6340265,
band_C,clay,15,15.9,1.030,56.7,0.800,0.268,2.41,23.6340265,
band_C,clay,16,15.3,0.991,56.7,0.800,0.268,2.41,23.6340265,
band_C,clay,17,17.3,1.121,56.2,0.800,0.268,2.41,23.6340265,
band_C,clay,18,16.5,1.069,56.5,0.800,0.268,2.41,23.6340265,
band_C,clay,19,16.0,1.037,56.5,0.800,0.268,2.41,23.6340265,
band_C,clay,20,15.7,1.017,56.6,0.800,0.268,2.41,23.6340265,
band_C,rubber,1,9.4,0.609,58.2,0.800,0.268,2.41,23.6340265,
band_C,rubber,2,9.4,0.609,58.1,0.800,0.268,2.41,23.6340265,
band_C,rubber,3,9.3,0.603,57.8,0.800,0.268,2.41,23.6340265,
band_C,rubber,4,9.3,0.603,57.7,0.800,0.268,2.41,23.6340265,
band_C,rubber,5,9.3,0.603,58.1,0.800,0.268,2.41,23.6340265,
band_C,rubber,6,9.1,0.590,58.0,0.800,0.268,2.41,23.6340265,
band_C,rubber,7,9.6,0.622,58.0,0.800,0.268,2.41,23.6340265,
band_C,rubber,8,9.4,0.609,58.0,0.800,0.268,2.41,23.6340265,
band_C,rubber,9,9.3,0.603,57.9,0.800,0.268,2.41,23.6340265,
band_C,rubber,10,9.4,0.609,58.0,0.800,0.268,2.41,23.6340265,
band_C,rubber,11,9.4,0.609,58.0,0.800,0.268,2.41,23.6340265,
band_C,rubber,12,9.3,0.603,57.6,0.800,0.268,2.41,23.6340265,
band_C,rubber,13,9.4,0.609,58.0,0.800,0.268,2.41,23.6340265,
band_C,rubber,14,9.3,0.603,57.0,0.800,0.268,2.41,23.6340265,
band_C,rubber,15,9.6,0.622,57.7,0.800,0.268,2.41,23.6340265,
band_C,rubber,16,9.4,0.609,58.0,0.800,0.268,2.41,23.6340265,
band_C,rubber,17,9.4,0.609,57.7,0.800,0.268,2.41,23.6340265,
band_C,rubber,18,9.4,0.609,57.8,0.800,0.268,2.41,23.6340265,
band_C,rubber,19,9.4,0.609,57.4,0.800,0.268,2.41,23.6340265,
band_C,rubber,20,9.4,0.609,57.8,0.800,0.268,2.41,23.6340265,
band_C,"3/8"" steel",1,54.3,3.519,48.2,0.800,0.268,2.41,23.6340265,
band_C,"3/8"" steel",2,54.9,3.557,47.6,0.800,0.268,2.41,23.6340265,
band_C,"3/8"" steel",3,54.9,3.557,47.9,0.800,0.268,2.41,23.6340265,
band_C,"3/8"" steel",4,55.1,3.570,48.1,0.800,0.268,2.41,23.6340265,
band_C,"3/8"" steel",5,55.1,3.570,47.8,0.800,0.268,2.41,23.6340265,
band_C,"3/8"" steel",6,54.8,3.551,48.0,0.800,0.268,2.41,23.6340265,
band_C,"3/8"" steel",7,54.9,3.557,47.7,0.800,0.268,2.41,23.6340265,
band_C,"3/8"" steel",8,54.5,3.532,48.0,0.800,0.268,2.41,23.6340265,
band_C,"3/8"" steel",9,54.5,3.532,48.1,0.800,0.268,2.41,23.6340265,
band_C,"3/8"" steel",10,55.1,3.570,47.8,0.800,0.268,2.41,23.6340265,
band_C,"3/8"" steel",11,54.8,3.551,48.0,0.800,0.268,2.41,23.6340265,
band_C,"3/8"" steel",12,54.9,3.557,47.8,0.800,0.268,2.41,23.6340265,
band_C,"3/8"" steel",13,54.8,3.551,48.0,0.800,0.268,2.41,23.6340265,
band_C,"3/8"" steel",14,54.6,3.538,47.9,0.800,0.268,2.41,23.6340265,
band_C,"3/8"" steel",15,54.9,3.557,47.8,0.800,0.268,2.41,23.6340265,
band_C,"3/8"" steel",16,54.9,3.557,47.9,0.800,0.268,2.41,23.6340265,
band_C,"3/8"" steel",17,55.2,3.577,47.9,0.800,0.268,2.41,23.6340265,
band_C,"3/8"" steel",18,54.8,3.551,47.9,0.800,0.268,2.41,23.6340265,
band_C,"3/8"" steel",19,54.8,3.551,48.0,0.800,0.268,2.41,23.6340265,
band_C,"3/8"" steel",20,54.6,3.538,48.0,0.800,0.268,2.41,23.6340265,
band_D,"1/2"" steel",1,129.0,8.359,41.4,0.800,0.273,4.09,40.1091985,
band_D,"1/2"" steel",2,129.2,8.372,41.4,0.800,0.273,4.09,40.1091985,
band_D,"1/2"" steel",3,129.2,8.372,41.4,0.800,0.273,4.09,40.1091985,
band_D,"1/2"" steel",4,129.0,8.359,41.3,0.800,0.273,4.09,40.1091985,
band_D,"1/2"" steel",5,129.2,8.372,41.0,0.800,0.273,4.09,40.1091985,
band_D,"1/2"" steel",6,128.9,8.353,41.2,0.800,0.273,4.09,40.1091985,
band_D,"1/2"" steel",7,129.2,8.372,41.2,0.800,0.273,4.09,40.1091985,
band_D,"1/2"" steel",8,129.0,8.359,41.2,0.800,0.273,4.09,40.1091985,
band_D,"1/2"" steel",9,129.0,8.359,41.2,0.800,0.273,4.09,40.1091985,
band_D,"1/2"" steel",10,129.0,8.359,41.3,0.800,0.273,4.09,40.1091985,
band_D,"1/2"" steel",11,129.2,8.372,41.3,0.800,0.273,4.09,40.1091985,
band_D,"1/2"" steel",12,129.2,8.372,41.1,0.800,0.273,4.09,40.1091985,
band_D,"1/2"" steel",13,129.2,8.372,41.3,0.800,0.273,4.09,40.1091985,
band_D,"1/2"" steel",14,129.2,8.372,41.3,0.800,0.273,4.09,40.1091985,
band_D,"1/2"" steel",15,129.2,8.372,41.2,0.800,0.273,4.09,40.1091985,
band_D,"1/2"" steel",16,129.0,8.359,41.3,0.800,0.273,4.09,40.1091985,
band_D,"1/2"" steel",17,129.2,8.372,41.3,0.800,0.273,4.09,40.1091985,
band_D,"1/2"" steel",18,129.0,8.359,41.2,0.800,0.273,4.09,40.1091985,
band_D,"1/2"" steel",19,129.2,8.372,41.3,0.800,0.273,4.09,40.1091985,
band_D,"1/2"" steel",20,129.2,8.372,41.3,0.800,0.273,4.09,40.1091985,
band_D,12 mm steel,1,108.2,7.011,43.3,0.800,0.273,4.09,40.1091985,
band_D,12 mm steel,2,108.2,7.011,43.3,0.800,0.273,4.09,40.1091985,
band_D,12 mm steel,3,108.2,7.011,43.4,0.800,0.273,4.09,40.1091985,
band_D,12 mm steel,4,108.2,7.011,43.4,0.800,0.273,4.09,40.1091985,
band_D,12 mm steel,5,108.2,7.011,43.4,0.800,0.273,4.09,40.1091985,
band_D,12 mm steel,6,108.2,7.011,43.5,0.800,0.273,4.09,40.1091985,
band_D,12 mm steel,7,108.2,7.011,43.4,0.800,0.273,4.09,40.1091985,
band_D,12 mm steel,8,108.2,7.011,43.3,0.800,0.273,4.09,40.1091985,
band_D,12 mm steel,9,108.2,7.011,43.3,0.800,0.273,4.09,40.1091985,
band_D,12 mm steel,10,108.2,7.011,43.4,0.800,0.273,4.09,40.1091985,
band_D,12 mm steel,11,108.2,7.011,43.6,0.800,0.273,4.09,40.1091985,
band_D,12 mm steel,12,108.2,7.011,43.4,0.800,0.273,4.09,40.1091985,
band_D,12 mm steel,13,108.2,7.011,43.4,0.800,0.273,4.09,40.1091985,
band_D,12 mm steel,14,108.2,7.011,43.4,0.800,0.273,4.09,40.1091985,
band_D,12 mm steel,15,108.2,7.011,43.2,0.800,0.273,4.09,40.1091985,
band_D,12 mm steel,16,108.2,7.011,43.5,0.800,0.273,4.09,40.1091985,
band_D,12 mm steel,17,108.2,7.011,43.5,0.800,0.273,4.09,40.1091985,
band_D,12 mm steel,18,108.2,7.011,43.2,0.800,0.273,4.09,40.1091985,
band_D,12 mm steel,19,108.2,7.011,43.3,0.800,0.273,4.09,40.1091985,
band_D,12 mm steel,20,108.2,7.011,43.4,0.800,0.273,4.09,40.1091985,
band_D,11 mm steel,1,83.8,5.430,46.2,0.800,0.273,4.09,40.1091985,
band_D,11 mm steel,2,83.8,5.430,46.2,0.800,0.273,4.09,40.1091985,
band_D,11 mm steel,3,83.8,5.430,46.2,0.800,0.273,4.09,40.1091985,
band_D,11 mm steel,4,83.6,5.417,46.3,0.800,0.273,4.09,40.1091985,
band_D,11 mm steel,5,83.6,5.417,46.3,0.800,0.273,4.09,40.1091985,
band_D,11 mm steel,6,83.6,5.417,46.3,0.800,0.273,4.09,40.1091985,
band_D,11 mm steel,7,83.5,5.411,46.2,0.800,0.273,4.09,40.1091985,
band_D,11 mm steel,8,83.6,5.417,46.1,0.800,0.273,4.09,40.1091985,
band_D,11 mm steel,9,83.6,5.417,46.2,0.800,0.273,4.09,40.1091985,
band_D,11 mm steel,10,83.5,5.411,46.3,0.800,0.273,4.09,40.1091985,
band_D,11 mm steel,11,83.8,5.430,46.2,0.800,0.273,4.09,40.1091985,
band_D,11 mm steel,12,83.8,5.430,46.2,0.800,0.273,4.09,40.1091985,
band_D,11 mm steel,13,83.5,5.411,46.2,0.800,0.273,4.09,40.1091985,
band_D,11 mm steel,14,83.6,5.417,46.1,0.800,0.273,4.09,40.1091985,
band_D,11 mm steel,15,83.6,5.417,46.2,0.800,0.273,4.09,40.1091985,
band_D,11 mm steel,16,83.6,5.417,46.3,0.800,0.273,4.09,40.1091985,
band_D,11 mm steel,17,83.6,5.417,46.2,0.800,0.273,4.09,40.1091985,
band_D,11 mm steel,18,83.6,5.417,46.2,0.800,0.273,4.09,40.1091985,
band_D,11 mm steel,19,83.6,5.417,46.2,0.800,0.273,4.09,40.1091985,
band_D,11 mm steel,20,83.8,5.430,46.2,0.800,0.273,4.09,40.1091985,
band_D,10 mm steel,1,63.1,4.089,48.5,0.800,0.273,4.09,40.1091985,
band_D,10 mm steel,2,63.0,4.082,48.5,0.800,0.273,4.09,40.1091985,
band_D,10 mm steel,3,63.1,4.089,48.5,0.800,0.273,4.09,40.1091985,
band_D,10 mm steel,4,63.1,4.089,48.7,0.800,0.273,4.09,40.1091985,
band_D,10 mm steel,5,63.0,4.082,48.6,0.800,0.273,4.09,40.1091985,
band_D,10 mm steel,6,63.0,4.082,48.4,0.800,0.273,4.09,40.1091985,
band_D,10 mm steel,7,63.1,4.089,48.6,0.800,0.273,4.09,40.1091985,
band_D,10 mm steel,8,63.0,4.082,48.7,0.800,0.273,4.09,40.1091985,
band_D,10 mm steel,9,62.8,4.069,48.6,0.800,0.273,4.09,40.1091985,
band_D,10 mm steel,10,63.0,4.082,48.5,0.800,0.273,4.09,40.1091985,
band_D,10 mm steel,11,63.1,4.089,48.5,0.800,0.273,4.09,40.1091985,
band_D,10 mm steel,12,63.0,4.082,48.5,0.800,0.273,4.09,40.1091985,
band_D,10 mm steel,13,63.1,4.089,48.6,0.800,0.273,4.09,40.1091985,
band_D,10 mm steel,14,63.0,4.082,48.6,0.800,0.273,4.09,40.1091985,
band_D,10 mm steel,15,63.1,4.089,48.6,0.800,0.273,4.09,40.1091985,
band_D,10 mm steel,16,63.0,4.082,48.5,0.800,0.273,4.09,40.1091985,
band_D,10 mm steel,17,63.1,4.089,48.5,0.800,0.273,4.09,40.1091985,
band_D,10 mm steel,18,63.0,4.082,48.5,0.800,0.273,4.09,40.1091985,
band_D,10 mm steel,19,63.1,4.089,48.6,0.800,0.273,4.09,40.1091985,
band_D,10 mm steel,20,63.0,4.082,48.3,0.800,0.273,4.09,40.1091985,
band_D,9 mm steel,1,46.1,2.987,50.5,0.800,0.273,4.09,40.1091985,
band_D,9 mm steel,2,46.1,2.987,50.5,0.800,0.273,4.09,40.1091985,
band_D,9 mm steel,3,46.1,2.987,50.5,0.800,0.273,4.09,40.1091985,
band_D,9 mm steel,4,46.1,2.987,50.5,0.800,0.273,4.09,40.1091985,
band_D,9 mm steel,5,46.1,2.987,50.4,0.800,0.273,4.09,40.1091985,
band_D,9 mm steel,6,46.3,3.000,50.5,0.800,0.273,4.09,40.1091985,
band_D,9 mm steel,7,46.1,2.987,50.4,0.800,0.273,4.09,40.1091985,
band_D,9 mm steel,8,46.1,2.987,50.5,0.800,0.273,4.09,40.1091985,
band_D,9 mm steel,9,46.1,2.987,50.5,0.800,0.273,4.09,40.1091985,
band_D,9 mm steel,10,46.1,2.987,50.5,0.800,0.273,4.09,40.1091985,
band_D,9 mm steel,11,46.1,2.987,50.4,0.800,0.273,4.09,40.1091985,
band_D,9 mm steel,12,46.1,2.987,50.5,0.800,0.273,4.09,40.1091985,
band_D,9 mm steel,13,46.1,2.987,50.1,0.800,0.273,4.09,40.1091985,
band_D,9 mm steel,14,46.1,2.987,50.5,0.800,0.273,4.09,40.1091985,
band_D,9 mm steel,15,46.1,2.987,50.4,0.800,0.273,4.09,40.1091985,
band_D,9 mm steel,16,46.1,2.987,50.4,0.800,0.273,4.09,40.1091985,
band_D,9 mm steel,17,46.1,2.987,50.3,0.800,0.273,4.09,40.1091985,
band_D,9 mm steel,18,46.1,2.987,50.3,0.800,0.273,4.09,40.1091985,
band_D,9 mm steel,19,46.1,2.987,50.0,0.800,0.273,4.09,40.1091985,
band_D,9 mm steel,20,46.1,2.987,50.2,0.800,0.273,4.09,40.1091985,
band_D,8 mm steel,1,32.1,2.080,51.7,0.800,0.273,4.09,40.1091985,
band_D,8 mm steel,2,32.3,2.093,51.4,0.800,0.273,4.09,40.1091985,
band_D,8 mm steel,3,32.3,2.093,51.5,0.800,0.273,4.09,40.1091985,
band_D,8 mm steel,4,32.3,2.093,51.7,0.800,0.273,4.09,40.1091985,
band_D,8 mm steel,5,32.3,2.093,51.6,0.800,0.273,4.09,40.1091985,
band_D,8 mm steel,6,32.3,2.093,51.7,0.800,0.273,4.09,40.1091985,
band_D,8 mm steel,7,32.1,2.080,51.7,0.800,0.273,4.09,40.1091985,
band_D,8 mm steel,8,32.3,2.093,51.7,0.800,0.273,4.09,40.1091985,
band_D,8 mm steel,9,32.3,2.093,51.7,0.800,0.273,4.09,40.1091985,
band_D,8 mm steel,10,32.3,2.093,51.7,0.800,0.273,4.09,40.1091985,
band_D,8 mm steel,11,32.3,2.093,51.7,0.800,0.273,4.09,40.1091985,
band_D,8 mm steel,12,32.3,2.093,51.7,0.800,0.273,4.09,40.1091985,
band_D,8 mm steel,13,32.3,2.093,51.8,0.800,0.273,4.09,40.1091985,
band_D,8 mm steel,14,32.3,2.093,51.7,0.800,0.273,4.09,40.1091985,
band_D,8 mm steel,15,32.3,2.093,51.7,0.800,0.273,4.09,40.1091985,
band_D,8 mm steel,16,32.3,2.093,51.6,0.800,0.273,4.09,40.1091985,
band_D,8 mm steel,17,32.4,2.099,51.7,0.800,0.273,4.09,40.1091985,
band_D,8 mm steel,18,32.3,2.093,51.7,0.800,0.273,4.09,40.1091985,
band_D,8 mm steel,19,32.3,2.093,51.8,0.800,0.273,4.09,40.1091985,
band_D,8 mm steel,20,32.3,2.093,51.8,0.800,0.273,4.09,40.1091985,
band_D,7 mm steel,1,21.6,1.400,52.8,0.800,0.273,4.09,40.1091985,
band_D,7 mm steel,2,21.6,1.400,52.8,0.800,0.273,4.09,40.1091985,
band_D,7 mm steel,3,21.5,1.393,52.7,0.800,0.273,4.09,40.1091985,
band_D,7 mm steel,4,21.5,1.393,52.7,0.800,0.273,4.09,40.1091985,
band_D,7 mm steel,5,21.6,1.400,52.8,0.800,0.273,4.09,40.1091985,
band_D,7 mm steel,6,21.6,1.400,52.7,0.800,0.273,4.09,40.1091985,
band_D,7 mm steel,7,21.6,1.400,52.7,0.800,0.273,4.09,40.1091985,
band_D,7 mm steel,8,21.5,1.393,52.6,0.800,0.273,4.09,40.1091985,
band_D,7 mm steel,9,21.5,1.393,52.7,0.800,0.273,4.09,40.1091985,
band_D,7 mm steel,10,21.5,1.393,52.5,0.800,0.273,4.09,40.1091985,
band_D,7 mm steel,11,21.6,1.400,52.5,0.800,0.273,4.09,40.1091985,
band_D,7 mm steel,12,21.6,1.400,52.6,0.800,0.273,4.09,40.1091985,
band_D,7 mm steel,13,21.3,1.380,52.6,0.800,0.273,4.09,40.1091985,
band_D,7 mm steel,14,21.6,1.400,52.5,0.800,0.273,4.09,40.1091985,
band_D,7 mm steel,15,21.6,1.400,52.7,0.800,0.273,4.09,40.1091985,
band_D,7 mm steel,16,21.9,1.419,52.6,0.800,0.273,4.09,40.1091985,
band_D,7 mm steel,17,21.5,1.393,52.7,0.800,0.273,4.09,40.1091985,
band_D,7 mm steel,18,21.6,1.400,52.7,0.800,0.273,4.09,40.1091985,
band_D,7 mm steel,19,21.6,1.400,52.7,0.800,0.273,4.09,40.1091985,
band_D,7 mm steel,20,21.3,1.380,52.7,0.800,0.273,4.09,40.1091985,
band_D,6 mm steel,1,13.6,0.881,53.3,0.800,0.273,4.09,40.1091985,
band_D,6 mm steel,2,13.6,0.881,53.4,0.800,0.273,4.09,40.1091985,
band_D,6 mm steel,3,13.7,0.888,53.5,0.800,0.273,4.09,40.1091985,
band_D,6 mm steel,4,13.6,0.881,53.4,0.800,0.273,4.09,40.1091985,
band_D,6 mm steel,5,13.6,0.881,53.5,0.800,0.273,4.09,40.1091985,
band_D,6 mm steel,6,13.6,0.881,53.4,0.800,0.273,4.09,40.1091985,
band_D,6 mm steel,7,13.6,0.881,53.4,0.800,0.273,4.09,40.1091985,
band_D,6 mm steel,8,13.6,0.881,53.2,0.800,0.273,4.09,40.1091985,
band_D,6 mm steel,9,13.7,0.888,53.3,0.800,0.273,4.09,40.1091985,
band_D,6 mm steel,10,13.6,0.881,53.4,0.800,0.273,4.09,40.1091985,
band_D,6 mm steel,11,13.6,0.881,53.3,0.800,0.273,4.09,40.1091985,
band_D,6 mm steel,12,13.7,0.888,53.3,0.800,0.273,4.09,40.1091985,
band_D,6 mm steel,13,13.6,0.881,53.2,0.800,0.273,4.09,40.1091985,
band_D,6 mm steel,14,13.6,0.881,53.4,0.800,0.273,4.09,40.1091985,
band_D,6 mm steel,15,13.6,0.881,53.4,0.800,0.273,4.09,40.1091985,
band_D,6 mm steel,16,13.4,0.868,53.3,0.800,0.273,4.09,40.1091985,
band_D,6 mm steel,17,13.6,0.881,53.3,0.800,0.273,4.09,40.1091985,
band_D,6 mm steel,18,13.6,0.881,53.2,0.800,0.273,4.09,40.1091985,
band_D,6 mm steel,19,13.6,0.881,53.3,0.800,0.273,4.09,40.1091985,
band_D,6 mm steel,20,13.7,0.888,53.4,0.800,0.273,4.09,40.1091985,
band_D,5.5 mm steel,1,10.2,0.661,53.6,0.800,0.273,4.09,40.1091985,
band_D,5.5 mm steel,2,10.3,0.667,53.6,0.800,0.273,4.09,40.1091985,
band_D,5.5 mm steel,3,10.6,0.687,53.5,0.800,0.273,4.09,40.1091985,
band_D,5.5 mm steel,4,10.3,0.667,53.5,0.800,0.273,4.09,40.1091985,
band_D,5.5 mm steel,5,10.5,0.680,53.6,0.800,0.273,4.09,40.1091985,
band_D,5.5 mm steel,6,10.3,0.667,53.5,0.800,0.273,4.09,40.1091985,
band_D,5.5 mm steel,7,10.5,0.680,53.5,0.800,0.273,4.09,40.1091985,
band_D,5.5 mm steel,8,10.5,0.680,53.6,0.800,0.273,4.09,40.1091985,
band_D,5.5 mm steel,9,10.5,0.680,53.5,0.800,0.273,4.09,40.1091985,
band_D,5.5 mm steel,10,10.5,0.680,53.6,0.800,0.273,4.09,40.1091985,
band_D,5.5 mm steel,11,10.5,0.680,53.5,0.800,0.273,4.09,40.1091985,
band_D,5.5 mm steel,12,10.5,0.680,53.5,0.800,0.273,4.09,40.1091985,
band_D,5.5 mm steel,13,10.5,0.680,53.5,0.800,0.273,4.09,40.1091985,
band_D,5.5 mm steel,14,10.5,0.680,53.6,0.800,0.273,4.09,40.1091985,
band_D,5.5 mm steel,15,10.5,0.680,53.6,0.800,0.273,4.09,40.1091985,
band_D,5.5 mm steel,16,10.3,0.667,53.6,0.800,0.273,4.09,40.1091985,
band_D,5.5 mm steel,17,10.5,0.680,53.6,0.800,0.273,4.09,40.1091985,
band_D,5.5 mm steel,18,10.5,0.680,53.6,0.800,0.273,4.09,40.1091985,
band_D,5.5 mm steel,19,10.3,0.667,53.5,0.800,0.273,4.09,40.1091985,auto-fire
band_D,5.5 mm steel,20,10.2,0.661,53.5,0.800,0.273,4.09,40.1091985,
band_D,clay,1,17.0,1.102,55.4,0.800,0.273,4.09,40.1091985,
band_D,clay,2,15.6,1.011,55.3,0.800,0.273,4.09,40.1091985,
band_D,clay,3,15.6,1.011,55.1,0.800,0.273,4.09,40.1091985,
band_D,clay,4,16.0,1.037,55.0,0.800,0.273,4.09,40.1091985,
band_D,clay,5,15.9,1.030,55.0,0.800,0.273,4.09,40.1091985,
band_D,clay,6,17.0,1.102,54.7,0.800,0.273,4.09,40.1091985,
band_D,clay,7,15.0,0.972,55.0,0.800,0.273,4.09,40.1091985,
band_D,clay,8,16.2,1.050,54.8,0.800,0.273,4.09,40.1091985,
band_D,clay,9,16.4,1.063,54.7,0.800,0.273,4.09,40.1091985,
band_D,clay,10,16.7,1.082,54.5,0.800,0.273,4.09,40.1091985,
band_D,clay,11,15.7,1.017,54.7,0.800,0.273,4.09,40.1091985,
band_D,clay,12,15.0,0.972,54.8,0.800,0.273,4.09,40.1091985,
band_D,clay,13,16.2,1.050,54.6,0.800,0.273,4.09,40.1091985,
band_D,clay,14,15.0,0.972,54.7,0.800,0.273,4.09,40.1091985,
band_D,clay,15,17.0,1.102,54.5,0.800,0.273,4.09,40.1091985,
band_D,clay,16,16.4,1.063,54.5,0.800,0.273,4.09,40.1091985,
band_D,clay,17,15.1,0.978,54.6,0.800,0.273,4.09,40.1091985,
band_D,clay,18,15.4,0.998,54.6,0.800,0.273,4.09,40.1091985,
band_D,clay,19,16.2,1.050,54.7,0.800,0.273,4.09,40.1091985,
band_D,clay,20,17.1,1.108,54.5,0.800,0.273,4.09,40.1091985,
band_D,rubber,1,9.3,0.603,54.9,0.800,0.273,4.09,40.1091985,
band_D,rubber,2,9.4,0.609,54.6,0.800,0.273,4.09,40.1091985,
band_D,rubber,3,9.4,0.609,54.3,0.800,0.273,4.09,40.1091985,
band_D,rubber,4,9.4,0.609,54.1,0.800,0.273,4.09,40.1091985,
band_D,rubber,5,9.4,0.609,54.6,0.800,0.273,4.09,40.1091985,
band_D,rubber,6,9.4,0.609,54.3,0.800,0.273,4.09,40.1091985,
band_D,rubber,7,9.3,0.603,54.3,0.800,0.273,4.09,40.1091985,
band_D,rubber,8,9.4,0.609,54.4,0.800,0.273,4.09,40.1091985,
band_D,rubber,9,9.4,0.609,54.2,0.800,0.273,4.09,40.1091985,
band_D,rubber,10,9.4,0.609,54.3,0.800,0.273,4.09,40.1091985,
band_D,rubber,11,9.6,0.622,54.3,0.800,0.273,4.09,40.1091985,
band_D,rubber,12,9.3,0.603,53.9,0.800,0.273,4.09,40.1091985,
band_D,rubber,13,9.3,0.603,54.2,0.800,0.273,4.09,40.1091985,
band_D,rubber,14,9.3,0.603,54.1,0.800,0.273,4.09,40.1091985,
band_D,rubber,15,9.3,0.603,54.1,0.800,0.273,4.09,40.1091985,
band_D,rubber,16,9.3,0.603,54.1,0.800,0.273,4.09,40.1091985,
band_D,rubber,17,9.4,0.609,54.0,0.800,0.273,4.09,40.1091985,
band_D,rubber,18,9.4,0.609,54.2,0.800,0.273,4.09,40.1091985,
band_D,rubber,19,9.6,0.622,54.4,0.800,0.273,4.09,40.1091985,
band_D,rubber,20,9.4,0.609,54.2,0.800,0.273,4.09,40.1091985,
band_D,"3/8"" steel",1,54.9,3.557,49.8,0.800,0.273,4.09,40.1091985,
band_D,"3/8"" steel",2,54.5,3.532,49.9,0.800,0.273,4.09,40.1091985,
band_D,"3/8"" steel",3,54.5,3.532,49.8,0.800,0.273,4.09,40.1091985,
band_D,"3/8"" steel",4,54.8,3.551,49.8,0.800,0.273,4.09,40.1091985,
band_D,"3/8"" steel",5,55.1,3.570,49.7,0.800,0.273,4.09,40.1091985,
band_D,"3/8"" steel",6,55.2,3.577,49.7,0.800,0.273,4.09,40.1091985,
band_D,"3/8"" steel",7,55.1,3.570,49.7,0.800,0.273,4.09,40.1091985,
band_D,"3/8"" steel",8,54.3,3.519,49.8,0.800,0.273,4.09,40.1091985,
band_D,"3/8"" steel",9,55.1,3.570,49.7,0.800,0.273,4.09,40.1091985,
band_D,"3/8"" steel",10,54.4,3.525,49.8,0.800,0.273,4.09,40.1091985,
band_D,"3/8"" steel",11,55.1,3.570,49.7,0.800,0.273,4.09,40.1091985,
band_D,"3/8"" steel",12,54.9,3.557,49.7,0.800,0.273,4.09,40.1091985,
band_D,"3/8"" steel",13,54.6,3.538,49.7,0.800,0.273,4.09,40.1091985,
band_D,"3/8"" steel",14,54.9,3.557,49.7,0.800,0.273,4.09,40.1091985,
band_D,"3/8"" steel",15,54.8,3.551,49.7,0.800,0.273,4.09,40.1091985,
band_D,"3/8"" steel",16,54.6,3.538,49.5,0.800,0.273,4.09,40.1091985,
band_D,"3/8"" steel",17,54.9,3.557,49.7,0.800,0.273,4.09,40.1091985,
band_D,"3/8"" steel",18,54.8,3.551,49.6,0.800,0.273,4.09,40.1091985,
band_D,"3/8"" steel",19,54.8,3.551,49.8,0.800,0.273,4.09,40.1091985,
band_D,"3/8"" steel",20,54.8,3.551,49.8,0.800,0.273,4.09,40.1091985,
band_E,"1/2"" steel",1,129.2,8.372,45.1,0.800,0.27,5.38,52.759777,
band_E,"1/2"" steel",2,128.9,8.353,45.0,0.800,0.27,5.38,52.759777,
band_E,"1/2"" steel",3,129.2,8.372,45.1,0.800,0.27,5.38,52.759777,
band_E,"1/2"" steel",4,129.0,8.359,45.0,0.800,0.27,5.38,52.759777,
band_E,"1/2"" steel",5,129.0,8.359,44.9,0.800,0.27,5.38,52.759777,
band_E,"1/2"" steel",6,129.0,8.359,45.0,0.800,0.27,5.38,52.759777,
band_E,"1/2"" steel",7,129.0,8.359,45.0,0.800,0.27,5.38,52.759777,
band_E,"1/2"" steel",8,129.2,8.372,45.1,0.800,0.27,5.38,52.759777,
band_E,"1/2"" steel",9,129.2,8.372,45.1,0.800,0.27,5.38,52.759777,
band_E,"1/2"" steel",10,129.2,8.372,45.0,0.800,0.27,5.38,52.759777,
band_E,"1/2"" steel",11,129.0,8.359,45.2,0.800,0.27,5.38,52.759777,
band_E,"1/2"" steel",12,129.0,8.359,44.9,0.800,0.27,5.38,52.759777,
band_E,"1/2"" steel",13,129.3,8.378,45.1,0.800,0.27,5.38,52.759777,
band_E,"1/2"" steel",14,129.2,8.372,44.9,0.800,0.27,5.38,52.759777,
band_E,"1/2"" steel",15,129.0,8.359,45.0,0.800,0.27,5.38,52.759777,
band_E,"1/2"" steel",16,129.0,8.359,45.0,0.800,0.27,5.38,52.759777,
band_E,"1/2"" steel",17,129.0,8.359,45.0,0.800,0.27,5.38,52.759777,
band_E,"1/2"" steel",18,129.2,8.372,45.0,0.800,0.27,5.38,52.759777,
band_E,"1/2"" steel",19,128.9,8.353,44.9,0.800,0.27,5.38,52.759777,
band_E,"1/2"" steel",20,129.2,8.372,45.0,0.800,0.27,5.38,52.759777,
band_E,12 mm steel,1,108.2,7.011,46.7,0.800,0.27,5.38,52.759777,
band_E,12 mm steel,2,108.2,7.011,46.8,0.800,0.27,5.38,52.759777,
band_E,12 mm steel,3,108.2,7.011,46.6,0.800,0.27,5.38,52.759777,
band_E,12 mm steel,4,108.2,7.011,46.7,0.800,0.27,5.38,52.759777,
band_E,12 mm steel,5,108.2,7.011,46.7,0.800,0.27,5.38,52.759777,
band_E,12 mm steel,6,108.2,7.011,46.8,0.800,0.27,5.38,52.759777,
band_E,12 mm steel,7,108.2,7.011,46.7,0.800,0.27,5.38,52.759777,
band_E,12 mm steel,8,108.2,7.011,46.6,0.800,0.27,5.38,52.759777,
band_E,12 mm steel,9,108.2,7.011,46.7,0.800,0.27,5.38,52.759777,
band_E,12 mm steel,10,108.2,7.011,46.0,0.800,0.27,5.38,52.759777,
band_E,12 mm steel,11,108.2,7.011,46.7,0.800,0.27,5.38,52.759777,
band_E,12 mm steel,12,108.2,7.011,46.6,0.800,0.27,5.38,52.759777,
band_E,12 mm steel,13,108.2,7.011,46.6,0.800,0.27,5.38,52.759777,
band_E,12 mm steel,14,108.2,7.011,46.6,0.800,0.27,5.38,52.759777,
band_E,12 mm steel,15,108.2,7.011,46.5,0.800,0.27,5.38,52.759777,
band_E,12 mm steel,16,108.2,7.011,46.5,0.800,0.27,5.38,52.759777,
band_E,12 mm steel,17,108.2,7.011,46.7,0.800,0.27,5.38,52.759777,
band_E,12 mm steel,18,108.2,7.011,46.0,0.800,0.27,5.38,52.759777,
band_E,12 mm steel,19,108.2,7.011,46.6,0.800,0.27,5.38,52.759777,
band_E,12 mm steel,20,108.2,7.011,46.7,0.800,0.27,5.38,52.759777,
band_E,11 mm steel,1,83.6,5.417,48.8,0.800,0.27,5.38,52.759777,
band_E,11 mm steel,2,83.6,5.417,48.8,0.800,0.27,5.38,52.759777,
band_E,11 mm steel,3,83.6,5.417,48.8,0.800,0.27,5.38,52.759777,
band_E,11 mm steel,4,83.6,5.417,48.8,0.800,0.27,5.38,52.759777,
band_E,11 mm steel,5,83.8,5.430,48.7,0.800,0.27,5.38,52.759777,
band_E,11 mm steel,6,83.6,5.417,48.8,0.800,0.27,5.38,52.759777,
band_E,11 mm steel,7,83.6,5.417,48.8,0.800,0.27,5.38,52.759777,
band_E,11 mm steel,8,83.6,5.417,48.8,0.800,0.27,5.38,52.759777,
band_E,11 mm steel,9,83.6,5.417,48.8,0.800,0.27,5.38,52.759777,
band_E,11 mm steel,10,83.6,5.417,48.8,0.800,0.27,5.38,52.759777,
band_E,11 mm steel,11,83.5,5.411,48.7,0.800,0.27,5.38,52.759777,
band_E,11 mm steel,12,83.6,5.417,48.8,0.800,0.27,5.38,52.759777,
band_E,11 mm steel,13,83.6,5.417,48.7,0.800,0.27,5.38,52.759777,
band_E,11 mm steel,14,83.6,5.417,48.7,0.800,0.27,5.38,52.759777,
band_E,11 mm steel,15,83.6,5.417,48.7,0.800,0.27,5.38,52.759777,
band_E,11 mm steel,16,83.6,5.417,48.7,0.800,0.27,5.38,52.759777,
band_E,11 mm steel,17,83.6,5.417,48.8,0.800,0.27,5.38,52.759777,
band_E,11 mm steel,18,83.6,5.417,48.7,0.800,0.27,5.38,52.759777,
band_E,11 mm steel,19,83.6,5.417,48.8,0.800,0.27,5.38,52.759777,
band_E,11 mm steel,20,83.6,5.417,48.7,0.800,0.27,5.38,52.759777,
band_E,10 mm steel,1,63.1,4.089,50.5,0.800,0.27,5.38,52.759777,
band_E,10 mm steel,2,63.1,4.089,50.4,0.800,0.27,5.38,52.759777,
band_E,10 mm steel,3,63.0,4.082,50.4,0.800,0.27,5.38,52.759777,
band_E,10 mm steel,4,62.8,4.069,50.4,0.800,0.27,5.38,52.759777,
band_E,10 mm steel,5,63.0,4.082,50.4,0.800,0.27,5.38,52.759777,
band_E,10 mm steel,6,63.0,4.082,50.3,0.800,0.27,5.38,52.759777,
band_E,10 mm steel,7,63.0,4.082,50.0,0.800,0.27,5.38,52.759777,issue loading
band_E,10 mm steel,8,62.8,4.069,50.3,0.800,0.27,5.38,52.759777,
band_E,10 mm steel,9,63.1,4.089,50.2,0.800,0.27,5.38,52.759777,
band_E,10 mm steel,10,63.0,4.082,50.2,0.800,0.27,5.38,52.759777,
band_E,10 mm steel,11,63.0,4.082,50.5,0.800,0.27,5.38,52.759777,
band_E,10 mm steel,12,63.1,4.089,50.4,0.800,0.27,5.38,52.759777,
band_E,10 mm steel,13,63.1,4.089,50.3,0.800,0.27,5.38,52.759777,
band_E,10 mm steel,14,63.0,4.082,50.3,0.800,0.27,5.38,52.759777,
band_E,10 mm steel,15,63.1,4.089,50.3,0.800,0.27,5.38,52.759777,
band_E,10 mm steel,16,63.1,4.089,50.4,0.800,0.27,5.38,52.759777,
band_E,10 mm steel,17,63.0,4.082,50.3,0.800,0.27,5.38,52.759777,
band_E,10 mm steel,18,63.0,4.082,50.4,0.800,0.27,5.38,52.759777,
band_E,10 mm steel,19,63.0,4.082,50.3,0.800,0.27,5.38,52.759777,
band_E,10 mm steel,20,63.1,4.089,50.3,0.800,0.27,5.38,52.759777,
band_E,9 mm steel,1,46.1,2.987,51.6,0.800,0.27,5.38,52.759777,
band_E,9 mm steel,2,46.1,2.987,51.6,0.800,0.27,5.38,52.759777,
band_E,9 mm steel,3,46.1,2.987,51.6,0.800,0.27,5.38,52.759777,
band_E,9 mm steel,4,46.1,2.987,51.6,0.800,0.27,5.38,52.759777,
band_E,9 mm steel,5,46.1,2.987,51.6,0.800,0.27,5.38,52.759777,
band_E,9 mm steel,6,46.1,2.987,51.6,0.800,0.27,5.38,52.759777,
band_E,9 mm steel,7,46.1,2.987,51.5,0.800,0.27,5.38,52.759777,
band_E,9 mm steel,8,46.1,2.987,51.5,0.800,0.27,5.38,52.759777,
band_E,9 mm steel,9,46.1,2.987,51.5,0.800,0.27,5.38,52.759777,
band_E,9 mm steel,10,46.1,2.987,51.5,0.800,0.27,5.38,52.759777,
band_E,9 mm steel,11,46.1,2.987,51.6,0.800,0.27,5.38,52.759777,
band_E,9 mm steel,12,46.1,2.987,51.5,0.800,0.27,5.38,52.759777,
band_E,9 mm steel,13,46.1,2.987,51.6,0.800,0.27,5.38,52.759777,
band_E,9 mm steel,14,46.1,2.987,51.6,0.800,0.27,5.38,52.759777,
band_E,9 mm steel,15,46.1,2.987,51.6,0.800,0.27,5.38,52.759777,
band_E,9 mm steel,16,46.1,2.987,51.6,0.800,0.27,5.38,52.759777,
band_E,9 mm steel,17,46.1,2.987,51.6,0.800,0.27,5.38,52.759777,
band_E,9 mm steel,18,46.1,2.987,51.6,0.800,0.27,5.38,52.759777,
band_E,9 mm steel,19,46.1,2.987,51.6,0.800,0.27,5.38,52.759777,
band_E,9 mm steel,20,46.1,2.987,51.6,0.800,0.27,5.38,52.759777,
band_E,8 mm steel,1,32.3,2.093,52.5,0.800,0.27,5.38,52.759777,
band_E,8 mm steel,2,32.3,2.093,52.6,0.800,0.27,5.38,52.759777,
band_E,8 mm steel,3,32.3,2.093,52.6,0.800,0.27,5.38,52.759777,
band_E,8 mm steel,4,32.3,2.093,52.4,0.800,0.27,5.38,52.759777,
band_E,8 mm steel,5,32.4,2.099,52.5,0.800,0.27,5.38,52.759777,
band_E,8 mm steel,6,32.3,2.093,52.6,0.800,0.27,5.38,52.759777,
band_E,8 mm steel,7,32.1,2.080,52.5,0.800,0.27,5.38,52.759777,
band_E,8 mm steel,8,32.3,2.093,52.4,0.800,0.27,5.38,52.759777,
band_E,8 mm steel,9,32.3,2.093,52.5,0.800,0.27,5.38,52.759777,
band_E,8 mm steel,10,32.3,2.093,52.6,0.800,0.27,5.38,52.759777,
band_E,8 mm steel,11,32.3,2.093,52.6,0.800,0.27,5.38,52.759777,
band_E,8 mm steel,12,32.3,2.093,52.4,0.800,0.27,5.38,52.759777,
band_E,8 mm steel,13,32.3,2.093,52.5,0.800,0.27,5.38,52.759777,
band_E,8 mm steel,14,32.1,2.080,52.5,0.800,0.27,5.38,52.759777,
band_E,8 mm steel,15,32.3,2.093,52.5,0.800,0.27,5.38,52.759777,
band_E,8 mm steel,16,32.1,2.080,52.6,0.800,0.27,5.38,52.759777,
band_E,8 mm steel,17,32.3,2.093,52.5,0.800,0.27,5.38,52.759777,
band_E,8 mm steel,18,32.1,2.080,52.5,0.800,0.27,5.38,52.759777,
band_E,8 mm steel,19,32.3,2.093,52.5,0.800,0.27,5.38,52.759777,
band_E,8 mm steel,20,32.3,2.093,52.5,0.800,0.27,5.38,52.759777,
band_E,7 mm steel,1,21.8,1.413,53.1,0.800,0.27,5.38,52.759777,
band_E,7 mm steel,2,21.5,1.393,53.2,0.800,0.27,5.38,52.759777,
band_E,7 mm steel,3,21.6,1.400,53.3,0.800,0.27,5.38,52.759777,
band_E,7 mm steel,4,21.6,1.400,53.3,0.800,0.27,5.38,52.759777,
band_E,7 mm steel,5,21.5,1.393,53.1,0.800,0.27,5.38,52.759777,
band_E,7 mm steel,6,21.5,1.393,53.1,0.800,0.27,5.38,52.759777,
band_E,7 mm steel,7,21.6,1.400,53.2,0.800,0.27,5.38,52.759777,
band_E,7 mm steel,8,21.5,1.393,53.1,0.800,0.27,5.38,52.759777,
band_E,7 mm steel,9,21.6,1.400,53.0,0.800,0.27,5.38,52.759777,
band_E,7 mm steel,10,21.5,1.393,53.1,0.800,0.27,5.38,52.759777,
band_E,7 mm steel,11,21.6,1.400,53.1,0.800,0.27,5.38,52.759777,
band_E,7 mm steel,12,21.6,1.400,53.2,0.800,0.27,5.38,52.759777,
band_E,7 mm steel,13,21.6,1.400,53.1,0.800,0.27,5.38,52.759777,
band_E,7 mm steel,14,21.6,1.400,53.2,0.800,0.27,5.38,52.759777,
band_E,7 mm steel,15,21.6,1.400,53.1,0.800,0.27,5.38,52.759777,
band_E,7 mm steel,16,21.6,1.400,53.3,0.800,0.27,5.38,52.759777,
band_E,7 mm steel,17,21.6,1.400,53.2,0.800,0.27,5.38,52.759777,
band_E,7 mm steel,18,21.6,1.400,53.2,0.800,0.27,5.38,52.759777,
band_E,7 mm steel,19,21.6,1.400,53.2,0.800,0.27,5.38,52.759777,
band_E,7 mm steel,20,21.6,1.400,53.2,0.800,0.27,5.38,52.759777,
band_E,6 mm steel,1,13.4,0.868,54.3,0.800,0.27,5.38,52.759777,
band_E,6 mm steel,2,13.4,0.868,54.2,0.800,0.27,5.38,52.759777,
band_E,6 mm steel,3,13.4,0.868,54.0,0.800,0.27,5.38,52.759777,
band_E,6 mm steel,4,13.6,0.881,54.1,0.800,0.27,5.38,52.759777,
band_E,6 mm steel,5,13.6,0.881,54.1,0.800,0.27,5.38,52.759777,
band_E,6 mm steel,6,13.4,0.868,54.1,0.800,0.27,5.38,52.759777,
band_E,6 mm steel,7,13.4,0.868,54.1,0.800,0.27,5.38,52.759777,
band_E,6 mm steel,8,13.4,0.868,54.1,0.800,0.27,5.38,52.759777,
band_E,6 mm steel,9,13.6,0.881,53.5,0.800,0.27,5.38,52.759777,
band_E,6 mm steel,10,13.6,0.881,54.1,0.800,0.27,5.38,52.759777,
band_E,6 mm steel,11,13.6,0.881,53.9,0.800,0.27,5.38,52.759777,
band_E,6 mm steel,12,13.6,0.881,53.8,0.800,0.27,5.38,52.759777,
band_E,6 mm steel,13,13.6,0.881,54.0,0.800,0.27,5.38,52.759777,
band_E,6 mm steel,14,13.6,0.881,54.1,0.800,0.27,5.38,52.759777,
band_E,6 mm steel,15,13.7,0.888,54.1,0.800,0.27,5.38,52.759777,
band_E,6 mm steel,16,13.6,0.881,54.0,0.800,0.27,5.38,52.759777,
band_E,6 mm steel,17,13.6,0.881,54.0,0.800,0.27,5.38,52.759777,
band_E,6 mm steel,18,13.6,0.881,53.7,0.800,0.27,5.38,52.759777,
band_E,6 mm steel,19,13.6,0.881,53.7,0.800,0.27,5.38,52.759777,
band_E,6 mm steel,20,13.6,0.881,53.9,0.800,0.27,5.38,52.759777,
band_E,clay,1,15.6,1.011,53.4,0.800,0.27,5.38,52.759777,
band_E,clay,2,16.7,1.082,53.4,0.800,0.27,5.38,52.759777,
band_E,clay,3,16.2,1.050,53.4,0.800,0.27,5.38,52.759777,
band_E,clay,4,17.1,1.108,53.4,0.800,0.27,5.38,52.759777,
band_E,clay,5,15.1,0.978,53.5,0.800,0.27,5.38,52.759777,
band_E,clay,6,15.1,0.978,53.6,0.800,0.27,5.38,52.759777,
band_E,clay,7,15.3,0.991,53.5,0.800,0.27,5.38,52.759777,
band_E,clay,8,16.2,1.050,53.5,0.800,0.27,5.38,52.759777,
band_E,clay,9,16.5,1.069,53.3,0.800,0.27,5.38,52.759777,
band_E,clay,10,16.4,1.063,53.4,0.800,0.27,5.38,52.759777,
band_E,clay,11,16.4,1.063,53.4,0.800,0.27,5.38,52.759777,
band_E,clay,12,17.0,1.102,53.4,0.800,0.27,5.38,52.759777,
band_E,clay,13,16.7,1.082,53.4,0.800,0.27,5.38,52.759777,
band_E,clay,14,16.0,1.037,53.3,0.800,0.27,5.38,52.759777,
band_E,clay,15,16.0,1.037,53.5,0.800,0.27,5.38,52.759777,
band_E,clay,16,15.6,1.011,53.5,0.800,0.27,5.38,52.759777,
band_E,clay,17,16.2,1.050,53.5,0.800,0.27,5.38,52.759777,
band_E,clay,18,15.4,0.998,53.5,0.800,0.27,5.38,52.759777,
band_E,clay,19,15.9,1.030,53.5,0.800,0.27,5.38,52.759777,
band_E,clay,20,16.0,1.037,53.6,0.800,0.27,5.38,52.759777,
band_E,rubber,1,9.4,0.609,53.6,0.800,0.27,5.38,52.759777,
band_E,rubber,2,9.4,0.609,53.5,0.800,0.27,5.38,52.759777,
band_E,rubber,3,9.4,0.609,53.6,0.800,0.27,5.38,52.759777,
band_E,rubber,4,9.3,0.603,53.8,0.800,0.27,5.38,52.759777,
band_E,rubber,5,9.4,0.609,53.7,0.800,0.27,5.38,52.759777,
band_E,rubber,6,9.4,0.609,53.3,0.800,0.27,5.38,52.759777,
band_E,rubber,7,9.6,0.622,53.4,0.800,0.27,5.38,52.759777,
band_E,rubber,8,9.6,0.622,53.6,0.800,0.27,5.38,52.759777,
band_E,rubber,9,9.6,0.622,53.4,0.800,0.27,5.38,52.759777,
band_E,rubber,10,9.6,0.622,53.7,0.800,0.27,5.38,52.759777,
band_E,rubber,11,9.4,0.609,53.2,0.800,0.27,5.38,52.759777,
band_E,rubber,12,9.4,0.609,53.1,0.800,0.27,5.38,52.759777,
band_E,rubber,13,9.4,0.609,53.6,0.800,0.27,5.38,52.759777,
band_E,rubber,14,9.6,0.622,52.6,0.800,0.27,5.38,52.759777,
band_E,rubber,15,9.4,0.609,53.2,0.800,0.27,5.38,52.759777,
band_E,rubber,16,9.4,0.609,52.5,0.800,0.27,5.38,52.759777,
band_E,rubber,17,9.3,0.603,53.4,0.800,0.27,5.38,52.759777,
band_E,rubber,18,9.3,0.603,53.5,0.800,0.27,5.38,52.759777,
band_E,rubber,19,9.3,0.603,53.5,0.800,0.27,5.38,52.759777,
band_E,rubber,20,9.4,0.609,53.3,0.800,0.27,5.38,52.759777,
band_E,"3/8"" steel",1,54.8,3.551,50.8,0.800,0.27,5.38,52.759777,
band_E,"3/8"" steel",2,55.2,3.577,50.7,0.800,0.27,5.38,52.759777,
band_E,"3/8"" steel",3,54.9,3.557,50.7,0.800,0.27,5.38,52.759777,
band_E,"3/8"" steel",4,54.9,3.557,50.7,0.800,0.27,5.38,52.759777,
band_E,"3/8"" steel",5,55.2,3.577,50.5,0.800,0.27,5.38,52.759777,
band_E,"3/8"" steel",6,54.5,3.532,50.7,0.800,0.27,5.38,52.759777,
band_E,"3/8"" steel",7,54.9,3.557,50.7,0.800,0.27,5.38,52.759777,
band_E,"3/8"" steel",8,54.8,3.551,50.7,0.800,0.27,5.38,52.759777,
band_E,"3/8"" steel",9,54.3,3.519,50.7,0.800,0.27,5.38,52.759777,
band_E,"3/8"" steel",10,55.1,3.570,50.7,0.800,0.27,5.38,52.759777,
band_E,"3/8"" steel",11,55.1,3.570,50.7,0.800,0.27,5.38,52.759777,
band_E,"3/8"" steel",12,54.6,3.538,50.7,0.800,0.27,5.38,52.759777,
band_E,"3/8"" steel",13,54.8,3.551,50.7,0.800,0.27,5.38,52.759777,
band_E,"3/8"" steel",14,55.1,3.570,50.7,0.800,0.27,5.38,52.759777,
band_E,"3/8"" steel",15,54.8,3.551,50.7,0.800,0.27,5.38,52.759777,
band_E,"3/8"" steel",16,54.8,3.551,50.7,0.800,0.27,5.38,52.759777,
band_E,"3/8"" steel",17,54.5,3.532,50.6,0.800,0.27,5.38,52.759777,
band_E,"3/8"" steel",18,54.5,3.532,50.7,0.800,0.27,5.38,52.759777,
band_E,"3/8"" steel",19,55.1,3.570,50.6,0.800,0.27,5.38,52.759777,
band_E,"3/8"" steel",20,54.6,3.538,50.6,0.800,0.27,5.38,52.759777,
band_F,"1/2"" steel",1,129.2,8.372,41.5,0.800,0.26,3.82,37.461403,
band_F,"1/2"" steel",2,129.2,8.372,41.7,0.800,0.26,3.82,37.461403,
band_F,"1/2"" steel",3,129.2,8.372,41.5,0.800,0.26,3.82,37.461403,
band_F,"1/2"" steel",4,129.0,8.359,41.5,0.800,0.26,3.82,37.461403,
band_F,"1/2"" steel",5,129.2,8.372,41.4,0.800,0.26,3.82,37.461403,
band_F,"1/2"" steel",6,129.2,8.372,41.5,0.800,0.26,3.82,37.461403,
band_F,"1/2"" steel",7,129.0,8.359,41.5,0.800,0.26,3.82,37.461403,
band_F,"1/2"" steel",8,129.2,8.372,41.5,0.800,0.26,3.82,37.461403,
band_F,"1/2"" steel",9,129.0,8.359,41.5,0.800,0.26,3.82,37.461403,
band_F,"1/2"" steel",10,129.2,8.372,41.6,0.800,0.26,3.82,37.461403,
band_F,"1/2"" steel",11,129.2,8.372,41.4,0.800,0.26,3.82,37.461403,
band_F,"1/2"" steel",12,129.2,8.372,41.5,0.800,0.26,3.82,37.461403,
band_F,"1/2"" steel",13,129.0,8.359,41.5,0.800,0.26,3.82,37.461403,
band_F,"1/2"" steel",14,129.3,8.378,41.6,0.800,0.26,3.82,37.461403,
band_F,"1/2"" steel",15,129.2,8.372,41.4,0.800,0.26,3.82,37.461403,
band_F,"1/2"" steel",16,129.2,8.372,41.5,0.800,0.26,3.82,37.461403,
band_F,"1/2"" steel",17,129.0,8.359,41.5,0.800,0.26,3.82,37.461403,
band_F,"1/2"" steel",18,128.9,8.353,41.5,0.800,0.26,3.82,37.461403,
band_F,"1/2"" steel",19,129.0,8.359,41.4,0.800,0.26,3.82,37.461403,
band_F,"1/2"" steel",20,129.2,8.372,41.4,0.800,0.26,3.82,37.461403,
band_F,12 mm steel,1,108.2,7.011,44.0,0.800,0.26,3.82,37.461403,
band_F,12 mm steel,2,108.2,7.011,43.9,0.800,0.26,3.82,37.461403,
band_F,12 mm steel,3,108.2,7.011,44.0,0.800,0.26,3.82,37.461403,
band_F,12 mm steel,4,108.2,7.011,43.8,0.800,0.26,3.82,37.461403,
band_F,12 mm steel,5,108.2,7.011,44.1,0.800,0.26,3.82,37.461403,
band_F,12 mm steel,6,108.2,7.011,44.0,0.800,0.26,3.82,37.461403,
band_F,12 mm steel,7,108.2,7.011,44.0,0.800,0.26,3.82,37.461403,
band_F,12 mm steel,8,108.2,7.011,44.0,0.800,0.26,3.82,37.461403,
band_F,12 mm steel,9,108.2,7.011,44.0,0.800,0.26,3.82,37.461403,
band_F,12 mm steel,10,108.2,7.011,43.9,0.800,0.26,3.82,37.461403,
band_F,12 mm steel,11,108.2,7.011,43.9,0.800,0.26,3.82,37.461403,
band_F,12 mm steel,12,108.2,7.011,44.0,0.800,0.26,3.82,37.461403,
band_F,12 mm steel,13,108.2,7.011,44.0,0.800,0.26,3.82,37.461403,
band_F,12 mm steel,14,108.2,7.011,44.0,0.800,0.26,3.82,37.461403,
band_F,12 mm steel,15,108.2,7.011,44.0,0.800,0.26,3.82,37.461403,
band_F,12 mm steel,16,108.2,7.011,43.9,0.800,0.26,3.82,37.461403,
band_F,12 mm steel,17,108.2,7.011,44.0,0.800,0.26,3.82,37.461403,
band_F,12 mm steel,18,108.2,7.011,44.0,0.800,0.26,3.82,37.461403,
band_F,12 mm steel,19,108.2,7.011,43.9,0.800,0.26,3.82,37.461403,
band_F,12 mm steel,20,108.2,7.011,44.0,0.800,0.26,3.82,37.461403,
band_F,11 mm steel,1,83.6,5.417,47.5,0.800,0.26,3.82,37.461403,
band_F,11 mm steel,2,83.6,5.417,47.6,0.800,0.26,3.82,37.461403,
band_F,11 mm steel,3,83.6,5.417,47.4,0.800,0.26,3.82,37.461403,
band_F,11 mm steel,4,83.6,5.417,47.4,0.800,0.26,3.82,37.461403,
band_F,11 mm steel,5,83.6,5.417,47.2,0.800,0.26,3.82,37.461403,
band_F,11 mm steel,6,83.6,5.417,47.4,0.800,0.26,3.82,37.461403,
band_F,11 mm steel,7,83.5,5.411,47.4,0.800,0.26,3.82,37.461403,
band_F,11 mm steel,8,83.6,5.417,47.4,0.800,0.26,3.82,37.461403,
band_F,11 mm steel,9,83.5,5.411,47.4,0.800,0.26,3.82,37.461403,
band_F,11 mm steel,10,83.6,5.417,47.3,0.800,0.26,3.82,37.461403,
band_F,11 mm steel,11,83.6,5.417,47.5,0.800,0.26,3.82,37.461403,
band_F,11 mm steel,12,83.5,5.411,47.4,0.800,0.26,3.82,37.461403,
band_F,11 mm steel,13,83.5,5.411,47.3,0.800,0.26,3.82,37.461403,
band_F,11 mm steel,14,83.6,5.417,47.3,0.800,0.26,3.82,37.461403,
band_F,11 mm steel,15,83.6,5.417,47.4,0.800,0.26,3.82,37.461403,
band_F,11 mm steel,16,83.5,5.411,47.4,0.800,0.26,3.82,37.461403,
band_F,11 mm steel,17,83.6,5.417,47.4,0.800,0.26,3.82,37.461403,
band_F,11 mm steel,18,83.6,5.417,47.3,0.800,0.26,3.82,37.461403,
band_F,11 mm steel,19,83.5,5.411,47.3,0.800,0.26,3.82,37.461403,
band_F,11 mm steel,20,83.6,5.417,47.4,0.800,0.26,3.82,37.461403,
band_F,10 mm steel,1,63.1,4.089,50.7,0.800,0.26,3.82,37.461403,
band_F,10 mm steel,2,63.1,4.089,50.7,0.800,0.26,3.82,37.461403,
band_F,10 mm steel,3,63.0,4.082,50.6,0.800,0.26,3.82,37.461403,
band_F,10 mm steel,4,63.0,4.082,50.6,0.800,0.26,3.82,37.461403,
band_F,10 mm steel,5,63.0,4.082,50.5,0.800,0.26,3.82,37.461403,
band_F,10 mm steel,6,63.0,4.082,50.7,0.800,0.26,3.82,37.461403,
band_F,10 mm steel,7,63.1,4.089,50.6,0.800,0.26,3.82,37.461403,
band_F,10 mm steel,8,63.1,4.089,50.7,0.800,0.26,3.82,37.461403,
band_F,10 mm steel,9,63.1,4.089,50.6,0.800,0.26,3.82,37.461403,
band_F,10 mm steel,10,63.0,4.082,50.8,0.800,0.26,3.82,37.461403,
band_F,10 mm steel,11,63.0,4.082,50.7,0.800,0.26,3.82,37.461403,
band_F,10 mm steel,12,63.0,4.082,50.7,0.800,0.26,3.82,37.461403,
band_F,10 mm steel,13,63.0,4.082,50.5,0.800,0.26,3.82,37.461403,
band_F,10 mm steel,14,63.0,4.082,50.6,0.800,0.26,3.82,37.461403,
band_F,10 mm steel,15,63.0,4.082,50.5,0.800,0.26,3.82,37.461403,
band_F,10 mm steel,16,63.1,4.089,50.6,0.800,0.26,3.82,37.461403,
band_F,10 mm steel,17,63.0,4.082,50.7,0.800,0.26,3.82,37.461403,
band_F,10 mm steel,18,63.1,4.089,50.7,0.800,0.26,3.82,37.461403,
band_F,10 mm steel,19,63.3,4.102,50.5,0.800,0.26,3.82,37.461403,
band_F,10 mm steel,20,63.1,4.089,50.6,0.800,0.26,3.82,37.461403,
band_F,9 mm steel,1,46.1,2.987,53.5,0.800,0.26,3.82,37.461403,
band_F,9 mm steel,2,46.1,2.987,53.5,0.800,0.26,3.82,37.461403,
band_F,9 mm steel,3,46.1,2.987,53.6,0.800,0.26,3.82,37.461403,
band_F,9 mm steel,4,46.1,2.987,53.6,0.800,0.26,3.82,37.461403,
band_F,9 mm steel,5,46.1,2.987,53.4,0.800,0.26,3.82,37.461403,
band_F,9 mm steel,6,46.1,2.987,53.5,0.800,0.26,3.82,37.461403,
band_F,9 mm steel,7,46.1,2.987,53.5,0.800,0.26,3.82,37.461403,
band_F,9 mm steel,8,46.1,2.987,53.6,0.800,0.26,3.82,37.461403,
band_F,9 mm steel,9,46.1,2.987,53.4,0.800,0.26,3.82,37.461403,
band_F,9 mm steel,10,46.1,2.987,53.4,0.800,0.26,3.82,37.461403,
band_F,9 mm steel,11,46.1,2.987,53.6,0.800,0.26,3.82,37.461403,
band_F,9 mm steel,12,46.1,2.987,53.3,0.800,0.26,3.82,37.461403,
band_F,9 mm steel,13,46.1,2.987,53.5,0.800,0.26,3.82,37.461403,
band_F,9 mm steel,14,46.1,2.987,53.3,0.800,0.26,3.82,37.461403,
band_F,9 mm steel,15,46.1,2.987,53.5,0.800,0.26,3.82,37.461403,
band_F,9 mm steel,16,46.1,2.987,53.5,0.800,0.26,3.82,37.461403,
band_F,9 mm steel,17,46.1,2.987,53.4,0.800,0.26,3.82,37.461403,
band_F,9 mm steel,18,46.1,2.987,53.4,0.800,0.26,3.82,37.461403,
band_F,9 mm steel,19,46.1,2.987,53.4,0.800,0.26,3.82,37.461403,
band_F,9 mm steel,20,46.1,2.987,53.5,0.800,0.26,3.82,37.461403,
band_F,8 mm steel,1,32.1,2.080,55.8,0.800,0.26,3.82,37.461403,
band_F,8 mm steel,2,32.1,2.080,55.8,0.800,0.26,3.82,37.461403,
band_F,8 mm steel,3,32.3,2.093,55.8,0.800,0.26,3.82,37.461403,
band_F,8 mm steel,4,32.1,2.080,55.8,0.800,0.26,3.82,37.461403,
band_F,8 mm steel,5,32.3,2.093,55.7,0.800,0.26,3.82,37.461403,
band_F,8 mm steel,6,32.4,2.099,55.7,0.800,0.26,3.82,37.461403,
band_F,8 mm steel,7,32.3,2.093,55.7,0.800,0.26,3.82,37.461403,
band_F,8 mm steel,8,32.3,2.093,55.7,0.800,0.26,3.82,37.461403,
band_F,8 mm steel,9,32.3,2.093,55.7,0.800,0.26,3.82,37.461403,
band_F,8 mm steel,10,32.3,2.093,55.7,0.800,0.26,3.82,37.461403,
band_F,8 mm steel,11,32.3,2.093,55.6,0.800,0.26,3.82,37.461403,
band_F,8 mm steel,12,32.3,2.093,55.7,0.800,0.26,3.82,37.461403,
band_F,8 mm steel,13,32.3,2.093,55.6,0.800,0.26,3.82,37.461403,
band_F,8 mm steel,14,32.3,2.093,55.6,0.800,0.26,3.82,37.461403,
band_F,8 mm steel,15,32.3,2.093,55.7,0.800,0.26,3.82,37.461403,
band_F,8 mm steel,16,32.1,2.080,55.6,0.800,0.26,3.82,37.461403,
band_F,8 mm steel,17,32.3,2.093,55.8,0.800,0.26,3.82,37.461403,
band_F,8 mm steel,18,32.4,2.099,55.7,0.800,0.26,3.82,37.461403,
band_F,8 mm steel,19,32.3,2.093,55.7,0.800,0.26,3.82,37.461403,
band_F,8 mm steel,20,32.1,2.080,55.7,0.800,0.26,3.82,37.461403,
band_F,7 mm steel,1,21.6,1.400,57.9,0.800,0.26,3.82,37.461403,
band_F,7 mm steel,2,21.6,1.400,57.4,0.800,0.26,3.82,37.461403,
band_F,7 mm steel,3,21.6,1.400,57.5,0.800,0.26,3.82,37.461403,
band_F,7 mm steel,4,21.6,1.400,57.5,0.800,0.26,3.82,37.461403,
band_F,7 mm steel,5,21.6,1.400,57.5,0.800,0.26,3.82,37.461403,
band_F,7 mm steel,6,21.5,1.393,57.5,0.800,0.26,3.82,37.461403,
band_F,7 mm steel,7,21.6,1.400,57.5,0.800,0.26,3.82,37.461403,
band_F,7 mm steel,8,21.6,1.400,57.5,0.800,0.26,3.82,37.461403,
band_F,7 mm steel,9,21.6,1.400,57.4,0.800,0.26,3.82,37.461403,
band_F,7 mm steel,10,21.6,1.400,57.5,0.800,0.26,3.82,37.461403,
band_F,7 mm steel,11,21.6,1.400,57.5,0.800,0.26,3.82,37.461403,
band_F,7 mm steel,12,21.6,1.400,57.5,0.800,0.26,3.82,37.461403,
band_F,7 mm steel,13,21.5,1.393,57.4,0.800,0.26,3.82,37.461403,
band_F,7 mm steel,14,21.6,1.400,57.4,0.800,0.26,3.82,37.461403,
band_F,7 mm steel,15,21.6,1.400,57.4,0.800,0.26,3.82,37.461403,
band_F,7 mm steel,16,21.5,1.393,57.4,0.800,0.26,3.82,37.461403,
band_F,7 mm steel,17,21.6,1.400,57.4,0.800,0.26,3.82,37.461403,
band_F,7 mm steel,18,21.5,1.393,57.4,0.800,0.26,3.82,37.461403,
band_F,7 mm steel,19,21.6,1.400,57.3,0.800,0.26,3.82,37.461403,
band_F,7 mm steel,20,21.6,1.400,57.2,0.800,0.26,3.82,37.461403,
band_F,6 mm steel,1,13.4,0.868,58.6,0.800,0.26,3.82,37.461403,
band_F,6 mm steel,2,13.6,0.881,58.7,0.800,0.26,3.82,37.461403,
band_F,6 mm steel,3,13.6,0.881,58.9,0.800,0.26,3.82,37.461403,
band_F,6 mm steel,4,13.6,0.881,59.0,0.800,0.26,3.82,37.461403,
band_F,6 mm steel,5,13.6,0.881,58.8,0.800,0.26,3.82,37.461403,
band_F,6 mm steel,6,13.4,0.868,58.8,0.800,0.26,3.82,37.461403,
band_F,6 mm steel,7,13.4,0.868,58.7,0.800,0.26,3.82,37.461403,
band_F,6 mm steel,8,13.6,0.881,58.6,0.800,0.26,3.82,37.461403,
band_F,6 mm steel,9,13.4,0.868,58.8,0.800,0.26,3.82,37.461403,
band_F,6 mm steel,10,13.6,0.881,58.8,0.800,0.26,3.82,37.461403,
band_F,6 mm steel,11,13.6,0.881,58.7,0.800,0.26,3.82,37.461403,
band_F,6 mm steel,12,13.6,0.881,58.4,0.800,0.26,3.82,37.461403,
band_F,6 mm steel,13,13.6,0.881,58.2,0.800,0.26,3.82,37.461403,
band_F,6 mm steel,14,13.6,0.881,58.4,0.800,0.26,3.82,37.461403,
band_F,6 mm steel,15,13.6,0.881,58.3,0.800,0.26,3.82,37.461403,
band_F,6 mm steel,16,13.6,0.881,58.1,0.800,0.26,3.82,37.461403,
band_F,6 mm steel,17,13.4,0.868,58.3,0.800,0.26,3.82,37.461403,
band_F,6 mm steel,18,13.6,0.881,58.4,0.800,0.26,3.82,37.461403,
band_F,6 mm steel,19,13.6,0.881,58.5,0.800,0.26,3.82,37.461403,
band_F,6 mm steel,20,13.6,0.881,58.5,0.800,0.26,3.82,37.461403,
band_F,clay,1,16.8,1.089,58.0,0.800,0.26,3.82,37.461403,
band_F,clay,2,17.1,1.108,58.2,0.800,0.26,3.82,37.461403,
band_F,clay,3,15.4,0.998,58.4,0.800,0.26,3.82,37.461403,
band_F,clay,4,15.4,0.998,58.4,0.800,0.26,3.82,37.461403,
band_F,clay,5,15.1,0.978,58.4,0.800,0.26,3.82,37.461403,
band_F,clay,6,17.1,1.108,57.9,0.800,0.26,3.82,37.461403,
band_F,clay,7,17.0,1.102,58.1,0.800,0.26,3.82,37.461403,
band_F,clay,8,15.6,1.011,58.2,0.800,0.26,3.82,37.461403,
band_F,clay,9,17.3,1.121,58.1,0.800,0.26,3.82,37.461403,
band_F,clay,10,16.4,1.063,57.9,0.800,0.26,3.82,37.461403,
band_F,clay,11,16.5,1.069,58.2,0.800,0.26,3.82,37.461403,
band_F,clay,12,15.7,1.017,58.2,0.800,0.26,3.82,37.461403,
band_F,clay,13,17.1,1.108,58.1,0.800,0.26,3.82,37.461403,
band_F,clay,14,16.4,1.063,58.1,0.800,0.26,3.82,37.461403,
band_F,clay,15,17.0,1.102,58.0,0.800,0.26,3.82,37.461403,
band_F,clay,16,15.7,1.017,58.2,0.800,0.26,3.82,37.461403,
band_F,clay,17,16.0,1.037,58.0,0.800,0.26,3.82,37.461403,
band_F,clay,18,15.7,1.017,58.2,0.800,0.26,3.82,37.461403,
band_F,clay,19,15.9,1.030,58.2,0.800,0.26,3.82,37.461403,
band_F,clay,20,15.4,0.998,58.2,0.800,0.26,3.82,37.461403,
band_F,rubber,1,9.4,0.609,58.9,0.800,0.26,3.82,37.461403,
band_F,rubber,2,9.3,0.603,58.9,0.800,0.26,3.82,37.461403,
band_F,rubber,3,9.3,0.603,58.9,0.800,0.26,3.82,37.461403,
band_F,rubber,4,9.3,0.603,58.9,0.800,0.26,3.82,37.461403,
band_F,rubber,5,9.6,0.622,58.9,0.800,0.26,3.82,37.461403,
band_F,rubber,6,9.4,0.609,58.9,0.800,0.26,3.82,37.461403,
band_F,rubber,7,9.6,0.622,58.9,0.800,0.26,3.82,37.461403,
band_F,rubber,8,9.4,0.609,59.0,0.800,0.26,3.82,37.461403,
band_F,rubber,9,9.4,0.609,59.0,0.800,0.26,3.82,37.461403,
band_F,rubber,10,9.4,0.609,58.9,0.800,0.26,3.82,37.461403,
band_F,rubber,11,9.6,0.622,58.9,0.800,0.26,3.82,37.461403,
band_F,rubber,12,9.6,0.622,59.0,0.800,0.26,3.82,37.461403,
band_F,rubber,13,9.3,0.603,59.1,0.800,0.26,3.82,37.461403,
band_F,rubber,14,9.4,0.609,59.1,0.800,0.26,3.82,37.461403,
band_F,rubber,15,9.4,0.609,59.0,0.800,0.26,3.82,37.461403,
band_F,rubber,16,9.4,0.609,59.0,0.800,0.26,3.82,37.461403,
band_F,rubber,17,9.4,0.609,58.9,0.800,0.26,3.82,37.461403,
band_F,rubber,18,9.3,0.603,59.2,0.800,0.26,3.82,37.461403,
band_F,rubber,19,9.4,0.609,59.0,0.800,0.26,3.82,37.461403,
band_F,rubber,20,9.4,0.609,58.8,0.800,0.26,3.82,37.461403,
band_F,"3/8"" steel",1,54.6,3.538,51.9,0.800,0.26,3.82,37.461403,
band_F,"3/8"" steel",2,54.3,3.519,51.9,0.800,0.26,3.82,37.461403,
band_F,"3/8"" steel",3,54.9,3.557,51.7,0.800,0.26,3.82,37.461403,
band_F,"3/8"" steel",4,55.1,3.570,51.9,0.800,0.26,3.82,37.461403,
band_F,"3/8"" steel",5,54.9,3.557,51.8,0.800,0.26,3.82,37.461403,
band_F,"3/8"" steel",6,54.8,3.551,51.8,0.800,0.26,3.82,37.461403,
band_F,"3/8"" steel",7,54.6,3.538,51.9,0.800,0.26,3.82,37.461403,
band_F,"3/8"" steel",8,54.8,3.551,51.9,0.800,0.26,3.82,37.461403,
band_F,"3/8"" steel",9,54.5,3.532,51.9,0.800,0.26,3.82,37.461403,
band_F,"3/8"" steel",10,55.1,3.570,51.9,0.800,0.26,3.82,37.461403,
band_F,"3/8"" steel",11,55.1,3.570,51.8,0.800,0.26,3.82,37.461403,
band_F,"3/8"" steel",12,54.5,3.532,52.0,0.800,0.26,3.82,37.461403,
band_F,"3/8"" steel",13,55.1,3.570,51.8,0.800,0.26,3.82,37.461403,
band_F,"3/8"" steel",14,54.9,3.557,51.8,0.800,0.26,3.82,37.461403,
band_F,"3/8"" steel",15,54.3,3.519,51.9,0.800,0.26,3.82,37.461403,
band_F,"3/8"" steel",16,54.8,3.551,51.8,0.800,0.26,3.82,37.461403,
band_F,"3/8"" steel",17,54.8,3.551,51.9,0.800,0.26,3.82,37.461403,
band_F,"3/8"" steel",18,54.8,3.551,51.9,0.800,0.26,3.82,37.461403,
band_F,"3/8"" steel",19,55.1,3.570,51.8,0.800,0.26,3.82,37.461403,
band_F,"3/8"" steel",20,54.9,3.557,51.8,0.800,0.26,3.82,37.461403,